date,daily_high,daily_low,peak_hour,sky_dominant,wind_avg_kt,daylight_hours,month,day_of_year
2021-01-01,53,34,14,SCT,8.8,10.09,1,1
2021-01-02,64,33,14,CLR,5.2,10.1,1,2
2021-01-03,69,33,14,CLR,11.4,10.11,1,3
2021-01-04,77,35,13,CLR,6.1,10.12,1,4
2021-01-05,71,44,13,SCT,7.9,10.13,1,5
2021-01-06,67,52,10,OVC,10.2,10.14,1,6
2021-01-07,63,38,14,CLR,10.8,10.15,1,7
2021-01-08,52,32,13,FEW,10.0,10.16,1,8
2021-01-09,54,27,14,BKN,6.7,10.17,1,9
2021-01-10,46,34,0,OVC,10.9,10.18,1,10
2021-01-11,49,29,15,FEW,7.8,10.2,1,11
2021-01-12,50,26,13,FEW,4.0,10.21,1,12
2021-01-13,65,28,15,CLR,7.2,10.22,1,13
2021-01-14,71,37,12,CLR,12.2,10.24,1,14
2021-01-15,61,39,14,CLR,11.4,10.25,1,15
2021-01-16,63,39,14,CLR,2.8,10.27,1,16
2021-01-17,68,39,13,FEW,5.0,10.29,1,17
2021-01-18,75,39,14,BKN,10.6,10.3,1,18
2021-01-19,72,50,11,OVC,10.6,10.32,1,19
2021-01-20,57,49,16,OVC,5.2,10.34,1,20
2021-01-21,67,50,15,BKN,3.9,10.36,1,21
2021-01-22,78,54,12,SCT,8.5,10.38,1,22
2021-01-23,64,51,15,OVC,3.8,10.4,1,23
2021-01-24,72,61,16,VV ,5.8,10.42,1,24
2021-01-25,76,45,14,OVC,6.6,10.44,1,25
2021-01-26,74,37,15,FEW,5.4,10.46,1,26
2021-01-27,67,41,13,BKN,11.2,10.48,1,27
2021-01-28,55,32,15,BKN,6.5,10.5,1,28
2021-01-29,69,33,14,BKN,9.3,10.52,1,29
2021-01-30,77,51,14,OVC,10.4,10.54,1,30
2021-01-31,69,50,14,CLR,12.9,10.57,1,31
2021-02-01,65,35,15,FEW,8.3,10.59,2,32
2021-02-02,68,35,15,FEW,5.9,10.61,2,33
2021-02-03,76,37,14,SCT,11.8,10.64,2,34
2021-02-04,85,55,14,SCT,10.9,10.66,2,35
2021-02-05,59,45,15,BKN,6.4,10.68,2,36
2021-02-06,76,47,14,FEW,8.6,10.71,2,37
2021-02-07,70,39,15,FEW,10.3,10.73,2,38
2021-02-08,76,43,16,OVC,7.7,10.76,2,39
2021-02-09,64,48,3,OVC,10.8,10.79,2,40
2021-02-10,47,38,0,OVC,13.1,10.81,2,41
2021-02-11,37,32,0,OVC,15.3,10.84,2,42
2021-02-12,33,30,11,OVC,16.0,10.87,2,43
2021-02-13,32,28,16,OVC,14.1,10.89,2,44
2021-02-14,31,14,0,OVC,17.2,10.92,2,45
2021-02-15,27,10,7,FEW,12.2,10.95,2,46
2021-02-16,25,6,15,OVC,6.8,10.97,2,47
2021-02-17,32,23,9,OVC,13.1,11.0,2,48
2021-02-18,32,27,16,BKN,12.5,11.03,2,49
2021-02-19,44,20,16,FEW,2.8,11.06,2,50
2021-02-20,62,22,15,CLR,10.0,11.09,2,51
2021-02-21,75,37,14,BKN,11.2,11.12,2,52
2021-02-22,76,35,15,CLR,4.2,11.14,2,53
2021-02-23,78,37,14,FEW,14.3,11.17,2,54
2021-02-24,83,65,15,FEW,5.2,11.2,2,55
2021-02-25,65,52,0,OVC,9.8,11.23,2,56
2021-02-26,60,49,16,OVC,3.6,11.26,2,57
2021-02-27,79,58,13,OVC,10.9,11.29,2,58
2021-02-28,77,60,12,OVC,7.1,11.32,2,59
2021-03-01,58,50,0,OVC,18.5,11.35,3,60
2021-03-02,66,38,15,FEW,10.3,11.38,3,61
2021-03-03,72,36,15,FEW,6.8,11.41,3,62
2021-03-04,77,41,15,SCT,9.4,11.44,3,63
2021-03-05,80,57,13,FEW,12.0,11.47,3,64
2021-03-06,68,42,14,FEW,10.7,11.5,3,65
2021-03-07,70,37,15,FEW,4.7,11.53,3,66
2021-03-08,73,41,14,BKN,8.0,11.56,3,67
2021-03-09,78,53,12,BKN,15.6,11.59,3,68
2021-03-10,84,64,14,BKN,16.9,11.63,3,69
2021-03-11,81,69,12,BKN,14.5,11.66,3,70
2021-03-12,82,69,12,OVC,13.8,11.69,3,71
2021-03-13,78,68,14,OVC,15.6,11.72,3,72
2021-03-14,74,51,15,OVC,6.2,11.75,3,73
2021-03-15,86,39,15,CLR,6.2,11.78,3,74
2021-03-16,82,67,13,OVC,9.8,11.81,3,75
2021-03-17,79,56,14,CLR,15.4,11.84,3,76
2021-03-18,73,48,15,CLR,15.3,11.87,3,77
2021-03-19,71,44,16,CLR,11.2,11.91,3,78
2021-03-20,71,36,15,CLR,3.8,11.94,3,79
2021-03-21,75,43,16,FEW,9.2,11.97,3,80
2021-03-22,77,56,10,OVC,12.6,12.0,3,81
2021-03-23,81,51,16,CLR,4.0,12.03,3,82
2021-03-24,72,48,13,OVC,7.3,12.06,3,83
2021-03-25,75,53,15,FEW,8.0,12.09,3,84
2021-03-26,80,47,15,FEW,8.1,12.13,3,85
2021-03-27,82,63,16,SCT,7.1,12.16,3,86
2021-03-28,72,46,15,FEW,16.0,12.19,3,87
2021-03-29,74,37,15,FEW,8.5,12.22,3,88
2021-03-30,79,59,15,OVC,11.8,12.25,3,89
2021-03-31,71,54,0,OVC,19.7,12.28,3,90
2021-04-01,68,37,15,FEW,6.2,12.31,4,91
2021-04-02,70,36,15,BKN,10.2,12.34,4,92
2021-04-03,67,50,16,OVC,7.4,12.37,4,93
2021-04-04,75,49,16,BKN,5.5,12.41,4,94
2021-04-05,78,48,14,SCT,10.2,12.44,4,95
2021-04-06,84,65,16,BKN,17.3,12.47,4,96
2021-04-07,84,50,17,SCT,7.6,12.5,4,97
2021-04-08,88,47,16,SCT,9.2,12.53,4,98
2021-04-09,88,65,15,OVC,12.9,12.56,4,99
2021-04-10,78,48,15,CLR,13.2,12.59,4,100
2021-04-11,86,43,16,FEW,8.2,12.62,4,101
2021-04-12,86,63,15,FEW,9.5,12.65,4,102
2021-04-13,81,70,16,OVC,9.8,12.68,4,103
2021-04-14,79,68,15,OVC,9.2,12.71,4,104
2021-04-15,70,60,0,OVC,7.8,12.74,4,105
2021-04-16,68,59,13,OVC,7.8,12.77,4,106
2021-04-17,64,51,13,BKN,16.5,12.8,4,107
2021-04-18,66,49,15,BKN,9.2,12.83,4,108
2021-04-19,73,42,14,BKN,4.4,12.86,4,109
2021-04-20,82,45,15,CLR,10.4,12.88,4,110
2021-04-21,63,43,15,BKN,12.7,12.91,4,111
2021-04-22,65,40,14,OVC,7.4,12.94,4,112
2021-04-23,72,61,18,OVC,5.5,12.97,4,113
2021-04-24,82,58,13,FEW,11.9,13.0,4,114
2021-04-25,85,49,15,FEW,8.8,13.03,4,115
2021-04-26,84,65,16,BKN,13.6,13.05,4,116
2021-04-27,78,69,16,OVC,10.2,13.08,4,117
2021-04-28,84,72,11,OVC,13.2,13.11,4,118
2021-04-29,75,67,14,OVC,5.6,13.13,4,119
2021-04-30,72,66,17,OVC,8.6,13.16,4,120
2021-05-01,72,64,11,BKN,8.8,13.19,5,121
2021-05-02,86,58,15,FEW,10.5,13.21,5,122
2021-05-03,91,69,15,SCT,12.1,13.24,5,123
2021-05-04,79,62,15,SCT,12.2,13.27,5,124
2021-05-05,77,53,14,CLR,10.6,13.29,5,125
2021-05-06,84,51,14,CLR,6.9,13.32,5,126
2021-05-07,84,54,16,BKN,7.5,13.34,5,127
2021-05-08,87,64,15,SCT,15.9,13.36,5,128
2021-05-09,86,74,13,OVC,9.9,13.39,5,129
2021-05-10,77,62,15,OVC,12.1,13.41,5,130
2021-05-11,78,61,14,OVC,10.8,13.43,5,131
2021-05-12,72,59,15,OVC,13.8,13.46,5,132
2021-05-13,73,58,16,OVC,8.5,13.48,5,133
2021-05-14,80,54,14,BKN,6.9,13.5,5,134
2021-05-15,78,62,12,BKN,9.5,13.52,5,135
2021-05-16,79,69,14,BKN,13.2,13.54,5,136
2021-05-17,80,65,11,BKN,10.5,13.56,5,137
2021-05-18,77,65,12,BKN,11.4,13.58,5,138
2021-05-19,70,63,17,BKN,4.1,13.6,5,139
2021-05-20,83,60,16,FEW,4.1,13.62,5,140
2021-05-21,84,63,16,BKN,6.2,13.64,5,141
2021-05-22,80,71,16,BKN,13.2,13.66,5,142
2021-05-23,73,68,12,BKN,7.7,13.68,5,143
2021-05-24,85,68,15,BKN,7.6,13.7,5,144
2021-05-25,86,71,15,SCT,10.0,13.71,5,145
2021-05-26,87,71,15,SCT,8.9,13.73,5,146
2021-05-27,87,72,14,SCT,11.7,13.75,5,147
2021-05-28,87,65,15,BKN,11.7,13.76,5,148
2021-05-29,84,65,15,FEW,6.1,13.78,5,149
2021-05-30,84,65,14,BKN,5.8,13.79,5,150
2021-05-31,83,68,14,BKN,10.7,13.8,5,151
2021-06-01,83,66,15,BKN,5.7,13.82,6,152
2021-06-02,86,65,16,SCT,5.5,13.83,6,153
2021-06-03,70,63,8,SCT,5.2,13.84,6,154
2021-06-04,81,67,14,SCT,5.3,13.85,6,155
2021-06-05,81,66,12,BKN,3.1,13.86,6,156
2021-06-06,88,65,15,SCT,9.2,13.87,6,157
2021-06-07,90,77,16,BKN,10.4,13.88,6,158
2021-06-08,89,74,14,BKN,11.9,13.89,6,159
2021-06-09,91,75,15,SCT,12.0,13.9,6,160
2021-06-10,92,77,15,SCT,10.8,13.91,6,161
2021-06-11,90,75,15,BKN,10.2,13.92,6,162
2021-06-12,91,74,16,SCT,6.5,13.92,6,163
2021-06-13,94,73,15,FEW,3.3,13.93,6,164
2021-06-14,96,72,15,SCT,4.8,13.93,6,165
2021-06-15,95,71,14,FEW,6.5,13.94,6,166
2021-06-16,93,67,16,FEW,5.2,13.94,6,167
2021-06-17,94,71,16,SCT,4.3,13.94,6,168
2021-06-18,91,70,15,FEW,5.2,13.95,6,169
2021-06-19,92,64,16,FEW,6.6,13.95,6,170
2021-06-20,91,69,15,SCT,11.9,13.95,6,171
2021-06-21,93,78,16,SCT,8.9,13.95,6,172
2021-06-22,87,72,15,OVC,6.3,13.95,6,173
2021-06-23,94,74,15,SCT,8.2,13.95,6,174
2021-06-24,94,75,15,SCT,12.0,13.95,6,175
2021-06-25,93,76,16,BKN,13.2,13.94,6,176
2021-06-26,93,75,14,FEW,13.8,13.94,6,177
2021-06-27,88,70,13,SCT,6.6,13.94,6,178
2021-06-28,87,71,14,SCT,8.1,13.93,6,179
2021-06-29,85,72,12,BKN,7.1,13.93,6,180
2021-07-01,92,71,16,SCT,4.8,13.92,7,182
2021-07-02,94,73,15,SCT,4.9,13.91,7,183
2021-07-03,89,72,11,BKN,8.2,13.9,7,184
2021-07-04,83,72,15,SCT,5.5,13.9,7,185
2021-07-05,83,72,14,BKN,4.4,13.89,7,186
2021-07-06,87,73,16,BKN,9.4,13.88,7,187
2021-07-07,84,70,12,SCT,8.7,13.87,7,188
2021-07-08,85,71,12,BKN,9.6,13.86,7,189
2021-07-09,79,74,16,BKN,9.2,13.85,7,190
2021-07-10,90,74,13,BKN,10.2,13.84,7,191
2021-07-11,89,75,14,SCT,7.0,13.82,7,192
2021-07-12,85,69,11,BKN,8.3,13.81,7,193
2021-07-13,90,67,14,SCT,4.2,13.8,7,194
2021-07-14,89,67,13,SCT,7.7,13.78,7,195
2021-07-15,90,71,15,SCT,9.5,13.77,7,196
2021-07-16,91,71,15,BKN,12.1,13.75,7,197
2021-07-17,91,75,15,SCT,9.4,13.74,7,198
2021-07-18,92,70,15,BKN,6.4,13.72,7,199
2021-07-19,93,71,14,SCT,5.2,13.71,7,200
2021-07-20,89,72,15,SCT,8.2,13.69,7,201
2021-07-21,88,72,14,BKN,6.5,13.67,7,202
2021-07-22,90,69,14,SCT,8.1,13.65,7,203
2021-07-23,91,72,14,SCT,13.0,13.63,7,204
2021-07-24,93,75,15,CLR,10.4,13.61,7,205
2021-07-25,94,73,15,FEW,8.2,13.59,7,206
2021-07-26,95,72,16,CLR,5.1,13.57,7,207
2021-07-27,93,71,15,FEW,5.2,13.55,7,208
2021-07-28,92,73,16,BKN,4.1,13.53,7,209
2021-07-29,94,72,15,BKN,5.3,13.51,7,210
2021-07-30,94,70,16,SCT,5.4,13.49,7,211
2021-07-31,94,74,16,SCT,5.2,13.47,7,212
2021-08-01,96,73,15,FEW,6.3,13.45,8,213
2021-08-02,82,72,16,SCT,4.4,13.42,8,214
2021-08-03,89,73,16,BKN,8.2,13.4,8,215
2021-08-04,88,72,14,SCT,7.5,13.38,8,216
2021-08-05,81,73,17,BKN,4.2,13.35,8,217
2021-08-06,89,74,17,BKN,5.8,13.33,8,218
2021-08-07,91,73,14,SCT,10.3,13.3,8,219
2021-08-08,92,76,14,SCT,13.1,13.28,8,220
2021-08-09,94,76,14,BKN,13.7,13.25,8,221
2021-08-10,93,73,14,SCT,12.2,13.23,8,222
2021-08-11,94,68,15,SCT,10.0,13.2,8,223
2021-08-12,94,73,16,SCT,9.3,13.17,8,224
2021-08-13,94,70,15,BKN,6.7,13.15,8,225
2021-08-14,93,70,15,BKN,3.0,13.12,8,226
2021-08-15,90,70,12,BKN,3.2,13.09,8,227
2021-08-16,91,70,16,SCT,3.1,13.07,8,228
2021-08-17,91,72,14,SCT,7.1,13.04,8,229
2021-08-18,91,76,13,BKN,10.4,13.01,8,230
2021-08-19,93,77,14,SCT,11.7,12.98,8,231
2021-08-20,93,73,15,SCT,10.5,12.96,8,232
2021-08-21,94,73,14,FEW,9.2,12.93,8,233
2021-08-22,95,70,16,SCT,6.6,12.9,8,234
2021-08-23,93,70,14,SCT,5.7,12.87,8,235
2021-08-24,94,71,14,SCT,7.1,12.84,8,236
2021-08-25,95,76,15,SCT,4.3,12.81,8,237
2021-08-26,97,74,15,SCT,4.9,12.78,8,238
2021-08-27,88,73,14,SCT,5.1,12.75,8,239
2021-08-28,92,72,13,SCT,6.2,12.72,8,240
2021-08-29,94,72,15,SCT,5.3,12.69,8,241
2021-08-30,91,74,12,SCT,4.6,12.66,8,242
2021-08-31,96,72,15,FEW,4.2,12.63,8,243
2021-09-01,97,73,16,SCT,7.3,12.6,9,244
2021-09-02,97,76,16,SCT,7.8,12.57,9,245
2021-09-03,96,73,15,SCT,7.0,12.54,9,246
2021-09-04,95,72,14,FEW,7.5,12.51,9,247
2021-09-05,99,70,15,FEW,6.2,12.48,9,248
2021-09-06,97,75,14,SCT,5.0,12.45,9,249
2021-09-07,95,71,16,BKN,5.0,12.42,9,250
2021-09-08,98,64,15,SCT,8.0,12.39,9,251
2021-09-09,94,62,14,CLR,10.2,12.36,9,252
2021-09-10,92,62,16,FEW,4.2,12.33,9,253
2021-09-11,90,56,14,CLR,5.0,12.3,9,254
2021-09-12,91,64,17,BKN,5.3,12.27,9,255
2021-09-13,87,71,15,SCT,10.8,12.23,9,256
2021-09-14,85,69,14,BKN,12.9,12.2,9,257
2021-09-15,89,69,16,SCT,10.6,12.17,9,258
2021-09-16,91,65,13,FEW,6.9,12.14,9,259
2021-09-17,95,65,15,SCT,2.9,12.11,9,260
2021-09-18,97,68,16,FEW,5.6,12.08,9,261
2021-09-19,97,67,15,FEW,3.5,12.05,9,262
2021-09-20,98,73,15,CLR,8.1,12.02,9,263
2021-09-21,91,73,12,SCT,6.9,11.98,9,264
2021-09-22,84,55,14,FEW,12.2,11.95,9,265
2021-09-23,85,49,15,FEW,2.3,11.92,9,266
2021-09-24,86,51,15,FEW,4.5,11.89,9,267
2021-09-25,88,54,15,FEW,2.9,11.86,9,268
2021-09-26,88,54,15,FEW,4.6,11.83,9,269
2021-09-27,89,58,16,SCT,3.8,11.8,9,270
2021-09-28,95,68,14,SCT,6.5,11.77,9,271
2021-09-29,86,67,14,FEW,5.1,11.73,9,272
2021-09-30,91,72,15,SCT,5.4,11.7,9,273
2021-10-01,85,66,17,BKN,3.8,11.67,10,274
2021-10-02,86,67,15,BKN,3.2,11.64,10,275
2021-10-03,90,68,14,FEW,6.2,11.61,10,276
2021-10-04,89,63,14,FEW,8.2,11.58,10,277
2021-10-05,88,56,14,FEW,7.2,11.55,10,278
2021-10-06,87,55,15,FEW,4.3,11.52,10,279
2021-10-07,89,57,15,CLR,6.9,11.49,10,280
2021-10-08,89,60,15,FEW,7.0,11.46,10,281
2021-10-09,87,57,15,FEW,9.2,11.43,10,282
2021-10-10,92,65,15,BKN,16.8,11.4,10,283
2021-10-11,81,61,14,FEW,5.5,11.37,10,284
2021-10-12,88,69,14,BKN,9.9,11.34,10,285
2021-10-13,87,68,12,SCT,11.5,11.31,10,286
2021-10-14,79,67,15,OVC,4.0,11.28,10,287
2021-10-15,88,64,13,SCT,8.4,11.25,10,288
2021-10-16,74,50,15,FEW,12.1,11.22,10,289
2021-10-17,73,46,14,BKN,3.4,11.19,10,290
2021-10-18,77,45,16,FEW,6.2,11.16,10,291
2021-10-19,83,51,16,SCT,8.4,11.13,10,292
2021-10-20,78,61,16,SCT,0.2,11.1,10,293
2021-10-21,84,60,14,FEW,3.5,11.07,10,294
2021-10-22,86,62,15,FEW,3.2,11.04,10,295
2021-10-23,87,69,15,SCT,10.9,11.02,10,296
2021-10-24,86,67,16,OVC,5.9,10.99,10,297
2021-10-25,88,69,14,OVC,3.8,10.96,10,298
2021-10-26,85,70,14,BKN,11.0,10.93,10,299
2021-10-27,78,59,4,FEW,11.1,10.91,10,300
2021-10-28,78,54,14,CLR,14.8,10.88,10,301
2021-10-29,74,48,14,CLR,11.4,10.85,10,302
2021-10-30,79,40,15,CLR,3.8,10.83,10,303
2021-10-31,81,43,13,CLR,6.0,10.8,10,304
2021-11-01,80,47,14,FEW,5.1,10.77,11,305
2021-11-02,78,53,16,SCT,4.2,10.75,11,306
2021-11-03,66,50,0,BKN,10.8,10.72,11,307
2021-11-04,60,45,16,OVC,10.8,10.7,11,308
2021-11-05,63,39,14,FEW,3.6,10.67,11,309
2021-11-06,69,38,15,CLR,1.4,10.65,11,310
2021-11-07,73,37,14,CLR,5.6,10.62,11,311
2021-11-08,77,44,13,SCT,6.4,10.6,11,312
2021-11-09,76,50,14,SCT,4.5,10.58,11,313
2021-11-10,80,59,12,BKN,11.3,10.55,11,314
2021-11-11,74,45,14,CLR,10.6,10.53,11,315
2021-11-12,77,42,14,FEW,6.6,10.51,11,316
2021-11-13,69,37,14,FEW,4.8,10.49,11,317
2021-11-14,78,42,14,FEW,6.6,10.47,11,318
2021-11-15,81,50,13,FEW,9.2,10.45,11,319
2021-11-16,81,62,14,BKN,12.6,10.43,11,320
2021-11-17,82,59,14,FEW,11.0,10.41,11,321
2021-11-18,65,52,14,BKN,15.7,10.39,11,322
2021-11-19,66,41,15,FEW,4.6,10.37,11,323
2021-11-20,72,44,14,OVC,7.8,10.35,11,324
2021-11-21,78,60,13,BKN,7.6,10.33,11,325
2021-11-22,69,39,14,FEW,7.8,10.31,11,326
2021-11-23,70,33,13,BKN,6.2,10.29,11,327
2021-11-24,77,50,11,BKN,11.0,10.28,11,328
2021-11-25,68,50,0,BKN,15.4,10.26,11,329
2021-11-26,55,45,14,OVC,6.7,10.25,11,330
2021-11-27,51,46,15,OVC,3.3,10.23,11,331
2021-11-28,70,44,14,FEW,8.8,10.22,11,332
2021-11-29,71,39,13,FEW,5.2,10.2,11,333
2021-11-30,74,40,15,BKN,6.1,10.19,11,334
2021-12-01,76,46,14,SCT,5.0,10.18,12,335
2021-12-02,78,48,12,SCT,6.5,10.16,12,336
2021-12-03,76,59,15,BKN,5.7,10.15,12,337
2021-12-04,76,58,13,BKN,4.9,10.14,12,338
2021-12-05,78,63,12,BKN,10.2,10.13,12,339
2021-12-06,72,47,0,OVC,16.8,10.12,12,340
2021-12-07,68,40,14,FEW,4.9,10.11,12,341
2021-12-08,78,39,14,FEW,4.0,10.1,12,342
2021-12-09,79,60,14,OVC,8.4,10.1,12,343
2021-12-10,85,68,14,FEW,9.8,10.09,12,344
2021-12-11,73,34,2,OVC,15.8,10.08,12,345
2021-12-12,61,28,15,FEW,2.8,10.08,12,346
2021-12-13,64,39,15,OVC,3.2,10.07,12,347
2021-12-14,74,58,14,BKN,3.0,10.07,12,348
2021-12-15,80,69,13,BKN,15.4,10.06,12,349
2021-12-16,81,70,14,BKN,8.2,10.06,12,350
2021-12-17,78,70,10,BKN,11.8,10.06,12,351
2021-12-18,72,46,0,BKN,15.8,10.05,12,352
2021-12-19,55,40,13,BKN,9.9,10.05,12,353
2021-12-20,59,39,14,CLR,3.1,10.05,12,354
2021-12-21,66,35,15,FEW,5.2,10.05,12,355
2021-12-22,74,42,14,FEW,9.0,10.05,12,356
2021-12-23,71,45,15,OVC,10.1,10.05,12,357
2021-12-24,79,58,15,FEW,12.6,10.05,12,358
2021-12-25,78,55,14,OVC,6.0,10.06,12,359
2021-12-26,77,53,15,FEW,9.8,10.06,12,360
2021-12-27,80,67,13,OVC,9.7,10.06,12,361
2021-12-29,81,56,13,SCT,5.0,10.07,12,363
2021-12-30,82,52,15,BKN,4.8,10.08,12,364
2021-12-31,83,65,15,OVC,11.2,10.08,12,365
2022-01-01,78,38,13,BKN,6.4,10.09,1,1
2022-01-02,47,25,15,CLR,14.4,10.1,1,2
2022-01-03,56,22,14,CLR,2.8,10.11,1,3
2022-01-04,67,28,15,FEW,9.8,10.12,1,4
2022-01-05,73,37,14,CLR,4.2,10.13,1,5
2022-01-06,56,31,12,CLR,15.1,10.14,1,6
2022-01-07,41,28,23,OVC,4.7,10.15,1,7
2022-01-08,64,42,14,OVC,4.8,10.16,1,8
2022-01-09,65,48,14,BKN,13.8,10.17,1,9
2022-01-10,58,41,13,SCT,12.8,10.18,1,10
2022-01-11,51,39,14,OVC,7.1,10.2,1,11
2022-01-12,63,35,14,FEW,3.6,10.21,1,12
2022-01-13,75,31,15,CLR,3.1,10.22,1,13
2022-01-14,77,33,14,FEW,8.8,10.24,1,14
2022-01-15,63,41,0,FEW,16.4,10.25,1,15
2022-01-16,62,33,16,CLR,4.1,10.27,1,16
2022-01-17,69,33,15,CLR,4.0,10.29,1,17
2022-01-18,75,29,15,SCT,12.8,10.3,1,18
2022-01-19,78,43,14,FEW,6.9,10.32,1,19
2022-01-20,41,32,0,OVC,17.2,10.34,1,20
2022-01-21,48,26,14,FEW,9.1,10.36,1,21
2022-01-22,54,20,14,FEW,6.2,10.38,1,22
2022-01-23,58,43,15,OVC,3.2,10.4,1,23
2022-01-24,53,44,0,OVC,2.5,10.42,1,24
2022-01-25,53,45,13,OVC,6.7,10.44,1,25
2022-01-26,54,42,15,FEW,7.3,10.46,1,26
2022-01-27,59,35,14,BKN,2.9,10.48,1,27
2022-01-28,58,33,14,CLR,11.5,10.5,1,28
2022-01-29,66,26,14,FEW,5.3,10.52,1,29
2022-01-30,69,26,14,FEW,7.8,10.54,1,30
2022-01-31,59,42,13,OVC,7.1,10.57,1,31
2022-02-01,65,48,15,OVC,2.1,10.59,2,32
2022-02-02,58,37,11,OVC,12.1,10.61,2,33
2022-02-03,37,23,0,OVC,15.1,10.64,2,34
2022-02-04,41,22,15,FEW,14.5,10.66,2,35
2022-02-05,50,20,15,CLR,2.7,10.68,2,36
2022-02-06,58,18,16,CLR,4.6,10.71,2,37
2022-02-07,60,32,13,CLR,10.1,10.73,2,38
2022-02-08,66,25,15,CLR,4.9,10.76,2,39
2022-02-09,73,34,14,FEW,3.8,10.79,2,40
2022-02-10,72,31,14,FEW,3.9,10.81,2,41
2022-02-11,75,45,15,CLR,9.8,10.84,2,42
2022-02-12,57,29,6,OVC,18.8,10.87,2,43
2022-02-13,65,26,15,CLR,4.4,10.89,2,44
2022-02-14,69,28,15,FEW,9.8,10.92,2,45
2022-02-15,74,31,14,FEW,14.1,10.95,2,46
2022-02-16,75,60,14,BKN,16.7,10.97,2,47
2022-02-17,72,36,11,FEW,17.5,11.0,2,48
2022-02-18,58,32,15,FEW,10.0,11.03,2,49
2022-02-19,64,24,14,FEW,2.8,11.06,2,50
2022-02-20,70,34,15,BKN,8.3,11.09,2,51
2022-02-21,85,62,14,SCT,15.8,11.12,2,52
2022-02-22,85,48,14,FEW,10.1,11.14,2,53
2022-02-23,47,29,0,OVC,16.7,11.17,2,54
2022-02-24,36,29,18,OVC,11.1,11.2,2,55
2022-02-25,38,31,15,OVC,14.5,11.23,2,56
2022-02-26,41,36,14,OVC,10.5,11.26,2,57
2022-02-27,60,31,16,CLR,12.2,11.29,2,58
2022-02-28,65,24,15,SCT,2.3,11.32,2,59
2022-03-01,71,30,14,BKN,4.5,11.35,3,60
2022-03-02,73,34,14,BKN,4.8,11.38,3,61
2022-03-03,77,47,13,SCT,4.4,11.41,3,62
2022-03-04,78,59,14,OVC,12.5,11.44,3,63
2022-03-05,80,64,15,OVC,11.9,11.47,3,64
2022-03-06,79,67,15,BKN,14.8,11.5,3,65
2022-03-07,55,43,0,OVC,16.0,11.53,3,66
2022-03-08,54,40,16,OVC,10.8,11.56,3,67
2022-03-09,60,34,15,FEW,6.7,11.59,3,68
2022-03-10,72,32,15,CLR,7.3,11.63,3,69
2022-03-11,61,36,0,OVC,18.4,11.66,3,70
2022-03-12,56,24,15,FEW,4.1,11.69,3,71
2022-03-13,66,21,15,FEW,10.7,11.72,3,72
2022-03-14,81,43,16,SCT,14.0,11.75,3,73
2022-03-15,75,49,15,CLR,12.0,11.78,3,74
2022-03-16,81,39,16,CLR,8.6,11.81,3,75
2022-03-17,70,43,16,OVC,11.2,11.84,3,76
2022-03-18,73,47,16,CLR,11.8,11.87,3,77
2022-03-19,76,37,14,FEW,3.8,11.91,3,78
2022-03-20,77,35,14,FEW,11.2,11.94,3,79
2022-03-21,80,59,15,BKN,14.1,11.97,3,80
2022-03-22,63,50,2,FEW,12.9,12.0,3,81
2022-03-23,69,42,15,FEW,7.8,12.03,3,82
2022-03-24,74,39,16,CLR,10.2,12.06,3,83
2022-03-25,83,43,14,CLR,3.9,12.09,3,84
2022-03-26,88,41,15,CLR,11.2,12.13,3,85
2022-03-27,85,52,16,BKN,12.6,12.16,3,86
2022-03-28,84,54,15,FEW,14.0,12.19,3,87
2022-03-29,79,67,15,BKN,16.4,12.22,3,88
2022-03-30,79,58,14,CLR,11.4,12.25,3,89
2022-03-31,73,43,15,CLR,4.2,12.28,3,90
2022-04-01,81,42,16,FEW,11.4,12.31,4,91
2022-04-02,84,56,15,CLR,7.8,12.34,4,92
2022-04-03,84,49,15,CLR,8.5,12.37,4,93
2022-04-04,79,64,14,BKN,8.5,12.41,4,94
2022-04-05,92,66,14,FEW,12.1,12.44,4,95
2022-04-06,77,57,14,CLR,17.8,12.47,4,96
2022-04-07,75,42,14,CLR,12.6,12.5,4,97
2022-04-08,77,38,15,CLR,7.9,12.53,4,98
2022-04-09,86,36,16,CLR,12.2,12.56,4,99
2022-04-10,84,53,14,BKN,16.5,12.59,4,100
2022-04-11,80,68,16,OVC,11.3,12.62,4,101
2022-04-12,90,71,15,OVC,15.0,12.65,4,102
2022-04-13,93,65,14,CLR,10.9,12.68,4,103
2022-04-14,82,49,15,FEW,8.5,12.71,4,104
2022-04-15,82,55,17,OVC,6.7,12.74,4,105
2022-04-16,82,71,15,OVC,5.0,12.77,4,106
2022-04-17,86,63,16,FEW,3.6,12.8,4,107
2022-04-18,76,60,14,CLR,13.1,12.83,4,108
2022-04-19,70,51,15,OVC,11.3,12.86,4,109
2022-04-20,84,67,12,OVC,17.4,12.88,4,110
2022-04-21,80,72,14,BKN,12.1,12.91,4,111
2022-04-22,87,71,15,BKN,16.6,12.94,4,112
2022-04-23,86,70,16,BKN,17.8,12.97,4,113
2022-04-24,88,69,15,BKN,15.6,13.0,4,114
2022-04-25,74,61,0,OVC,12.2,13.03,4,115
2022-04-26,75,57,15,OVC,9.1,13.05,4,116
2022-04-27,78,56,17,BKN,7.8,13.08,4,117
2022-04-28,85,68,13,BKN,12.7,13.11,4,118
2022-04-29,85,70,15,BKN,13.6,13.13,4,119
2022-04-30,89,71,15,BKN,6.2,13.16,4,120
2022-05-01,86,72,14,BKN,8.5,13.19,5,121
2022-05-02,83,70,12,OVC,12.9,13.21,5,122
2022-05-03,90,74,16,SCT,10.1,13.24,5,123
2022-05-04,88,72,13,BKN,15.2,13.27,5,124
2022-05-05,86,69,14,BKN,11.6,13.29,5,125
2022-05-06,93,60,16,SCT,6.1,13.32,5,126
2022-05-07,95,73,16,CLR,11.6,13.34,5,127
2022-05-08,95,74,14,FEW,13.6,13.36,5,128
2022-05-09,93,75,14,SCT,15.0,13.39,5,129
2022-05-10,91,76,14,OVC,12.2,13.41,5,130
2022-05-11,92,69,15,BKN,11.2,13.43,5,131
2022-05-12,92,66,16,FEW,11.1,13.46,5,132
2022-05-13,88,61,14,SCT,9.9,13.48,5,133
2022-05-14,92,68,14,FEW,7.2,13.5,5,134
2022-05-15,94,67,16,FEW,9.8,13.52,5,135
2022-05-16,96,71,15,BKN,7.3,13.54,5,136
2022-05-17,95,71,14,SCT,10.9,13.56,5,137
2022-05-18,97,70,16,SCT,13.9,13.58,5,138
2022-05-19,95,71,15,FEW,15.2,13.6,5,139
2022-05-20,94,75,15,SCT,15.1,13.62,5,140
2022-05-21,98,71,15,BKN,10.5,13.64,5,141
2022-05-22,81,63,16,SCT,11.2,13.66,5,142
2022-05-23,87,67,14,SCT,7.7,13.68,5,143
2022-05-24,85,61,13,SCT,11.6,13.7,5,144
2022-05-25,82,60,15,FEW,9.1,13.71,5,145
2022-05-26,95,55,16,FEW,5.4,13.73,5,146
2022-05-27,96,64,16,FEW,4.6,13.75,5,147
2022-05-28,95,65,16,FEW,11.9,13.76,5,148
2022-05-29,95,74,15,FEW,16.0,13.78,5,149
2022-05-30,94,75,16,SCT,15.7,13.79,5,150
2022-05-31,95,75,15,SCT,14.0,13.8,5,151
2022-06-01,91,77,13,SCT,9.8,13.82,6,152
2022-06-02,91,72,14,SCT,8.6,13.83,6,153
2022-06-03,90,68,15,FEW,6.2,13.84,6,154
2022-06-04,92,68,16,FEW,7.8,13.85,6,155
2022-06-05,97,67,15,FEW,12.8,13.86,6,156
2022-06-06,101,76,16,SCT,15.3,13.87,6,157
2022-06-07,99,77,15,CLR,13.4,13.88,6,158
2022-06-08,98,76,15,SCT,10.2,13.89,6,159
2022-06-09,98,75,16,FEW,7.7,13.9,6,160
2022-06-10,100,75,16,FEW,9.5,13.91,6,161
2022-06-11,101,75,16,BKN,8.7,13.92,6,162
2022-06-12,102,76,16,FEW,11.2,13.92,6,163
2022-06-13,100,76,16,FEW,14.2,13.93,6,164
2022-06-14,97,77,14,SCT,17.8,13.93,6,165
2022-06-15,95,78,16,BKN,10.0,13.94,6,166
2022-06-16,100,73,16,SCT,6.8,13.94,6,167
2022-06-17,98,72,16,CLR,6.0,13.94,6,168
2022-06-18,97,71,14,FEW,6.9,13.95,6,169
2022-06-19,99,70,16,FEW,6.2,13.95,6,170
2022-06-20,100,69,16,FEW,7.2,13.95,6,171
2022-06-21,99,74,15,SCT,7.7,13.95,6,172
2022-06-22,97,72,16,SCT,5.9,13.95,6,173
2022-06-23,101,72,16,FEW,5.3,13.95,6,174
2022-06-24,100,70,15,FEW,8.8,13.95,6,175
2022-06-25,99,72,15,FEW,10.3,13.94,6,176
2022-06-26,101,70,15,FEW,5.4,13.94,6,177
2022-06-28,90,72,13,BKN,9.7,13.93,6,179
2022-06-29,96,68,16,FEW,6.2,13.93,6,180
2022-06-30,95,72,14,SCT,5.8,13.92,6,181
2022-07-01,93,72,15,FEW,5.5,13.92,7,182
2022-07-02,99,77,16,FEW,8.2,13.91,7,183
2022-07-03,99,77,17,SCT,10.1,13.9,7,184
2022-07-04,99,75,15,SCT,10.9,13.9,7,185
2022-07-05,99,77,15,SCT,11.0,13.89,7,186
2022-07-06,100,75,16,FEW,9.8,13.88,7,187
2022-07-07,99,73,15,SCT,8.4,13.87,7,188
2022-07-08,101,76,16,FEW,8.3,13.86,7,189
2022-07-09,104,76,16,FEW,6.4,13.85,7,190
2022-07-10,105,74,14,FEW,4.9,13.84,7,191
2022-07-11,104,76,14,FEW,5.8,13.82,7,192
2022-07-12,105,77,15,FEW,6.3,13.81,7,193
2022-07-13,104,77,15,SCT,5.9,13.8,7,194
2022-07-14,100,75,14,FEW,7.6,13.78,7,195
2022-07-15,96,70,15,SCT,8.9,13.77,7,196
2022-07-16,98,73,15,SCT,9.8,13.75,7,197
2022-07-17,102,73,14,FEW,9.7,13.74,7,198
2022-07-18,102,73,16,FEW,9.4,13.72,7,199
2022-07-19,103,75,16,CLR,11.7,13.71,7,200
2022-07-20,103,75,16,SCT,10.3,13.69,7,201
2022-07-21,102,75,16,SCT,10.3,13.67,7,202
2022-07-22,100,75,15,SCT,8.9,13.65,7,203
2022-07-23,100,75,15,SCT,10.5,13.63,7,204
2022-07-24,101,75,17,BKN,10.9,13.61,7,205
2022-07-25,102,73,16,FEW,10.6,13.59,7,206
2022-07-26,101,73,15,FEW,10.8,13.57,7,207
2022-07-27,101,74,15,FEW,10.9,13.55,7,208
2022-07-28,100,76,16,SCT,8.4,13.53,7,209
2022-07-29,100,76,14,SCT,10.8,13.51,7,210
2022-07-30,100,73,15,SCT,9.2,13.49,7,211
2022-07-31,100,76,15,BKN,10.2,13.47,7,212
2022-08-01,99,71,15,SCT,9.2,13.45,8,213
2022-08-02,102,73,15,FEW,12.9,13.42,8,214
2022-08-03,103,77,14,SCT,14.2,13.4,8,215
2022-08-04,101,77,15,FEW,11.8,13.38,8,216
2022-08-05,101,76,15,BKN,9.8,13.35,8,217
2022-08-06,96,77,15,BKN,8.6,13.33,8,218
2022-08-07,99,76,14,BKN,10.4,13.3,8,219
2022-08-08,100,71,15,SCT,7.3,13.28,8,220
2022-08-09,98,71,14,SCT,5.9,13.25,8,221
2022-08-10,103,76,16,FEW,8.5,13.23,8,222
2022-08-11,98,75,13,SCT,5.8,13.2,8,223
2022-08-12,98,72,16,FEW,7.7,13.17,8,224
2022-08-13,100,73,16,SCT,10.3,13.15,8,225
2022-08-14,91,74,14,BKN,10.7,13.12,8,226
2022-08-15,99,71,14,BKN,9.8,13.09,8,227
2022-08-16,99,73,16,BKN,6.2,13.07,8,228
2022-08-17,100,76,17,FEW,5.9,13.04,8,229
2022-08-18,99,73,13,SCT,7.5,13.01,8,230
2022-08-19,93,72,13,BKN,6.3,12.98,8,231
2022-08-20,98,74,15,SCT,9.4,12.96,8,232
2022-08-21,90,75,13,BKN,11.0,12.93,8,233
2022-08-22,96,74,14,SCT,9.4,12.9,8,234
2022-08-23,90,74,18,BKN,3.2,12.87,8,235
2022-08-24,92,75,15,SCT,6.4,12.84,8,236
2022-08-25,94,73,17,BKN,6.4,12.81,8,237
2022-08-26,95,73,14,FEW,7.4,12.78,8,238
2022-08-27,96,75,14,SCT,6.5,12.75,8,239
2022-08-28,96,75,16,SCT,9.4,12.72,8,240
2022-08-29,96,76,15,SCT,5.6,12.69,8,241
2022-08-30,82,75,9,BKN,4.2,12.66,8,242
2022-08-31,90,71,17,BKN,6.5,12.63,8,243
2022-09-01,92,73,15,SCT,4.2,12.6,9,244
2022-09-02,93,71,15,BKN,5.3,12.57,9,245
2022-09-03,89,74,13,BKN,4.9,12.54,9,246
2022-09-04,86,71,14,FEW,4.1,12.51,9,247
2022-09-05,92,66,16,FEW,4.9,12.48,9,248
2022-09-06,93,69,16,FEW,3.8,12.45,9,249
2022-09-07,94,72,16,FEW,3.3,12.42,9,250
2022-09-08,92,69,15,FEW,6.9,12.39,9,251
2022-09-09,93,68,15,SCT,3.9,12.36,9,252
2022-09-10,93,70,14,FEW,5.3,12.33,9,253
2022-09-11,91,69,14,FEW,9.3,12.3,9,254
2022-09-12,91,67,16,FEW,4.9,12.27,9,255
2022-09-13,93,65,16,FEW,4.6,12.23,9,256
2022-09-14,91,65,14,BKN,4.6,12.2,9,257
2022-09-15,91,60,14,BKN,5.9,12.17,9,258
2022-09-16,94,73,17,SCT,6.8,12.14,9,259
2022-09-17,96,72,14,SCT,9.2,12.11,9,260
2022-09-18,96,72,15,FEW,5.5,12.08,9,261
2022-09-19,96,69,16,SCT,7.6,12.05,9,262
2022-09-20,96,71,16,SCT,5.0,12.02,9,263
2022-09-21,95,66,15,FEW,4.8,11.98,9,264
2022-09-22,97,64,15,FEW,3.4,11.95,9,265
2022-09-23,97,66,16,BKN,4.7,11.92,9,266
2022-09-24,94,64,14,SCT,6.8,11.89,9,267
2022-09-25,95,69,16,FEW,3.2,11.86,9,268
2022-09-26,93,67,14,FEW,13.0,11.83,9,269
2022-09-27,90,52,15,CLR,6.3,11.8,9,270
2022-09-28,90,54,15,CLR,3.6,11.77,9,271
2022-09-29,91,54,16,CLR,2.3,11.73,9,272
2022-09-30,87,58,15,CLR,5.6,11.7,9,273
2022-10-01,87,50,15,CLR,4.8,11.67,10,274
2022-10-02,84,49,15,BKN,5.1,11.64,10,275
2022-10-03,86,52,15,SCT,3.1,11.61,10,276
2022-10-04,88,59,15,SCT,2.0,11.58,10,277
2022-10-05,88,55,15,FEW,3.6,11.55,10,278
2022-10-06,90,56,14,SCT,4.1,11.52,10,279
2022-10-07,86,62,13,OVC,3.2,11.49,10,280
2022-10-08,88,57,14,FEW,8.7,11.46,10,281
2022-10-09,87,59,15,BKN,4.4,11.43,10,282
2022-10-10,88,58,16,SCT,8.2,11.4,10,283
2022-10-11,88,59,14,SCT,9.1,11.37,10,284
2022-10-12,95,71,15,SCT,8.7,11.34,10,285
2022-10-13,89,66,15,FEW,11.6,11.31,10,286
2022-10-14,89,57,16,BKN,4.3,11.28,10,287
2022-10-15,93,69,16,OVC,10.2,11.25,10,288
2022-10-16,90,69,15,BKN,6.3,11.22,10,289
2022-10-17,75,61,16,BKN,13.2,11.19,10,290
2022-10-18,69,46,15,FEW,12.1,11.16,10,291
2022-10-19,72,40,16,CLR,4.1,11.13,10,292
2022-10-20,84,42,15,CLR,8.4,11.1,10,293
2022-10-21,86,56,14,CLR,11.5,11.07,10,294
2022-10-22,88,60,15,BKN,14.9,11.04,10,295
2022-10-23,87,61,14,SCT,14.5,11.02,10,296
2022-10-24,86,61,15,BKN,13.5,10.99,10,297
2022-10-25,75,48,13,CLR,10.0,10.96,10,298
2022-10-26,76,42,14,CLR,4.5,10.93,10,299
2022-10-27,80,44,15,FEW,8.2,10.91,10,300
2022-10-28,66,58,0,OVC,9.8,10.88,10,301
2022-10-29,69,57,12,FEW,9.1,10.85,10,302
2022-10-30,76,49,15,BKN,4.6,10.83,10,303
2022-10-31,77,49,13,SCT,4.2,10.8,10,304
2022-11-01,66,55,11,OVC,2.7,10.77,11,305
2022-11-02,76,56,15,SCT,3.8,10.75,11,306
2022-11-03,84,69,16,OVC,12.5,10.72,11,307
2022-11-04,85,59,15,BKN,15.2,10.7,11,308
2022-11-05,71,50,16,FEW,6.8,10.67,11,309
2022-11-06,83,48,14,FEW,7.2,10.65,11,310
2022-11-07,84,68,15,BKN,5.9,10.62,11,311
2022-11-08,78,60,15,OVC,4.2,10.6,11,312
2022-11-09,81,64,14,BKN,7.8,10.58,11,313
2022-11-10,81,64,12,BKN,7.2,10.55,11,314
2022-11-11,78,43,11,BKN,13.3,10.53,11,315
2022-11-12,58,34,13,FEW,12.2,10.51,11,316
2022-11-13,58,29,14,SCT,6.2,10.49,11,317
2022-11-14,52,48,16,OVC,8.4,10.47,11,318
2022-11-15,50,40,13,BKN,9.7,10.45,11,319
2022-11-16,55,40,13,SCT,10.2,10.43,11,320
2022-11-17,58,40,11,OVC,2.6,10.41,11,321
2022-11-18,55,48,12,OVC,3.5,10.39,11,322
2022-11-19,47,38,0,OVC,11.8,10.37,11,323
2022-11-20,47,39,12,OVC,7.5,10.35,11,324
2022-11-21,45,41,13,OVC,5.0,10.33,11,325
2022-11-22,54,44,15,OVC,3.6,10.31,11,326
2022-11-23,65,53,14,OVC,2.7,10.29,11,327
2022-11-24,67,61,14,OVC,8.0,10.28,11,328
2022-11-25,61,56,0,OVC,11.9,10.26,11,329
2022-11-26,60,41,13,FEW,8.4,10.25,11,330
2022-11-27,71,43,13,CLR,4.8,10.23,11,331
2022-11-28,75,37,14,CLR,6.6,10.22,11,332
2022-11-29,82,52,13,FEW,9.2,10.2,11,333
2022-11-30,58,38,0,CLR,15.6,10.19,11,334
2022-12-01,53,34,16,OVC,3.1,10.18,12,335
2022-12-02,68,51,15,OVC,7.2,10.16,12,336
2022-12-03,66,54,0,OVC,11.1,10.15,12,337
2022-12-04,57,53,13,OVC,2.6,10.14,12,338
2022-12-05,78,57,13,SCT,9.4,10.13,12,339
2022-12-06,82,65,14,OVC,8.2,10.12,12,340
2022-12-07,80,65,13,SCT,10.8,10.11,12,341
2022-12-08,80,65,14,SCT,7.8,10.1,12,342
2022-12-09,79,60,14,SCT,6.9,10.1,12,343
2022-12-10,78,64,14,BKN,6.2,10.09,12,344
2022-12-11,65,59,11,OVC,9.2,10.08,12,345
2022-12-12,70,58,20,OVC,8.2,10.08,12,346
2022-12-13,79,61,13,BKN,9.9,10.07,12,347
2022-12-14,68,39,13,CLR,8.9,10.07,12,348
2022-12-15,64,33,14,CLR,4.3,10.06,12,349
2022-12-16,55,35,11,SCT,12.2,10.06,12,350
2022-12-17,56,29,12,FEW,6.1,10.06,12,351
2022-12-18,54,22,12,OVC,5.6,10.05,12,352
2022-12-19,50,43,1,OVC,8.0,10.05,12,353
2022-12-20,52,38,11,OVC,11.1,10.05,12,354
2022-12-21,48,33,14,OVC,3.7,10.05,12,355
2022-12-22,59,17,10,FEW,15.3,10.05,12,356
2022-12-23,31,14,14,FEW,14.5,10.05,12,357
2022-12-24,38,18,14,FEW,4.2,10.05,12,358
2022-12-26,61,26,14,CLR,4.1,10.06,12,360
2022-12-27,58,31,15,BKN,4.8,10.06,12,361
2022-12-28,76,34,14,FEW,12.3,10.07,12,362
2022-12-29,74,57,12,BKN,5.5,10.07,12,363
2022-12-30,65,45,15,OVC,4.8,10.08,12,364
2022-12-31,76,38,13,FEW,9.2,10.08,12,365
2023-01-01,78,42,14,BKN,8.3,10.09,1,1
2023-01-02,82,70,13,BKN,12.8,10.1,1,2
2023-01-03,72,47,12,BKN,6.5,10.11,1,3
2023-01-04,73,38,15,BKN,6.8,10.12,1,4
2023-01-05,66,34,14,FEW,6.0,10.13,1,5
2023-01-06,79,39,15,FEW,11.0,10.14,1,6
2023-01-07,75,59,13,OVC,4.5,10.15,1,7
2023-01-08,67,41,14,FEW,8.4,10.16,1,8
2023-01-09,72,39,14,SCT,5.5,10.17,1,9
2023-01-10,81,56,14,CLR,10.8,10.18,1,10
2023-01-11,77,55,14,FEW,11.1,10.2,1,11
2023-01-12,68,47,0,FEW,15.2,10.21,1,12
2023-01-13,61,30,14,FEW,6.3,10.22,1,13
2023-01-14,64,26,14,FEW,7.9,10.24,1,14
2023-01-15,74,34,14,BKN,14.8,10.25,1,15
2023-01-16,77,49,15,BKN,2.8,10.27,1,16
2023-01-17,79,45,13,SCT,5.8,10.29,1,17
2023-01-18,77,52,14,FEW,8.8,10.3,1,18
2023-01-19,66,38,14,FEW,6.7,10.32,1,19
2023-01-20,58,47,12,OVC,7.8,10.34,1,20
2023-01-21,61,36,15,OVC,3.6,10.36,1,21
2023-01-22,60,36,14,CLR,7.5,10.38,1,22
2023-01-23,59,27,13,BKN,7.3,10.4,1,23
2023-01-24,54,43,16,OVC,8.8,10.42,1,24
2023-01-25,56,36,15,FEW,8.8,10.44,1,25
2023-01-26,55,30,14,FEW,4.7,10.46,1,26
2023-01-27,56,29,15,OVC,6.1,10.48,1,27
2023-01-28,59,48,13,OVC,4.7,10.5,1,28
2023-01-29,74,41,14,BKN,9.6,10.52,1,29
2023-01-30,40,30,0,OVC,14.2,10.54,1,30
2023-01-31,33,30,14,OVC,13.8,10.57,1,31
2023-02-01,32,30,4,OVC,11.1,10.59,2,32
2023-02-02,41,32,15,OVC,9.7,10.61,2,33
2023-02-03,50,34,14,OVC,7.2,10.64,2,34
2023-02-04,62,31,14,FEW,7.8,10.66,2,35
2023-02-05,73,35,14,FEW,6.8,10.68,2,36
2023-02-06,75,55,14,BKN,14.4,10.71,2,37
2023-02-07,71,52,13,BKN,7.2,10.73,2,38
2023-02-08,60,37,16,OVC,7.2,10.76,2,39
2023-02-09,72,37,12,FEW,8.3,10.79,2,40
2023-02-10,55,38,14,FEW,13.6,10.81,2,41
2023-02-11,59,34,15,FEW,10.4,10.84,2,42
2023-02-12,63,27,12,BKN,7.5,10.87,2,43
2023-02-13,70,35,13,BKN,9.5,10.89,2,44
2023-02-14,80,44,14,FEW,9.8,10.92,2,45
2023-02-15,79,39,14,SCT,12.9,10.95,2,46
2023-02-16,70,40,0,OVC,17.1,10.97,2,47
2023-02-17,52,28,14,SCT,12.4,11.0,2,48
2023-02-18,55,26,13,BKN,7.8,11.03,2,49
2023-02-19,74,46,13,BKN,6.9,11.06,2,50
2023-02-20,81,52,12,SCT,13.2,11.09,2,51
2023-02-21,81,57,13,FEW,13.6,11.12,2,52
2023-02-22,89,66,15,BKN,7.4,11.14,2,53
2023-02-23,78,53,13,BKN,16.1,11.17,2,54
2023-02-24,56,50,0,OVC,12.2,11.2,2,55
2023-02-25,64,46,16,OVC,6.5,11.23,2,56
2023-02-26,80,52,15,BKN,13.5,11.26,2,57
2023-02-27,81,46,15,FEW,7.6,11.29,2,58
2023-02-28,83,44,15,SCT,6.2,11.32,2,59
2023-03-01,83,69,15,BKN,6.5,11.35,3,60
2023-03-02,80,56,14,BKN,14.7,11.38,3,61
2023-03-03,72,48,15,CLR,9.4,11.41,3,62
2023-03-04,78,37,16,CLR,8.3,11.44,3,63
2023-03-05,78,49,15,SCT,7.6,11.47,3,64
2023-03-06,80,60,14,BKN,6.2,11.5,3,65
2023-03-07,79,63,14,BKN,6.5,11.53,3,66
2023-03-08,79,63,15,BKN,6.4,11.56,3,67
2023-03-09,83,59,13,SCT,8.1,11.59,3,68
2023-03-10,73,56,15,FEW,5.4,11.63,3,69
2023-03-11,87,56,14,SCT,14.2,11.66,3,70
2023-03-12,73,60,15,FEW,12.6,11.69,3,71
2023-03-13,67,50,16,FEW,10.4,11.72,3,72
2023-03-14,66,46,14,SCT,8.3,11.75,3,73
2023-03-15,74,41,16,BKN,11.2,11.78,3,74
2023-03-16,81,56,17,OVC,12.1,11.81,3,75
2023-03-17,57,41,16,BKN,15.2,11.84,3,76
2023-03-18,53,45,15,OVC,7.2,11.87,3,77
2023-03-19,58,38,17,FEW,4.8,11.91,3,78
2023-03-20,56,36,14,OVC,10.7,11.94,3,79
2023-03-21,69,52,16,OVC,9.7,11.97,3,80
2023-03-22,77,68,14,OVC,14.1,12.0,3,81
2023-03-23,80,70,14,OVC,15.3,12.03,3,82
2023-03-24,86,53,17,FEW,6.0,12.06,3,83
2023-03-25,79,48,14,FEW,6.8,12.09,3,84
2023-03-26,79,45,16,FEW,4.4,12.13,3,85
2023-03-27,77,55,16,OVC,9.3,12.16,3,86
2023-03-28,68,57,14,BKN,17.8,12.19,3,87
2023-03-29,72,53,15,OVC,6.8,12.22,3,88
2023-03-30,75,61,12,BKN,11.7,12.25,3,89
2023-03-31,86,58,16,SCT,13.6,12.28,3,90
2023-04-01,80,46,14,BKN,8.4,12.31,4,91
2023-04-02,83,55,16,BKN,10.3,12.34,4,92
2023-04-03,90,69,15,BKN,11.2,12.37,4,93
2023-04-04,84,72,14,BKN,15.0,12.41,4,94
2023-04-05,75,59,0,BKN,16.6,12.44,4,95
2023-04-06,57,47,0,OVC,13.5,12.47,4,96
2023-04-07,54,49,23,OVC,12.1,12.5,4,97
2023-04-08,62,51,16,OVC,8.8,12.53,4,98
2023-04-09,72,49,16,OVC,4.6,12.56,4,99
2023-04-10,70,51,16,OVC,5.4,12.59,4,100
2023-04-11,73,47,15,FEW,6.5,12.62,4,101
2023-04-12,76,46,16,SCT,4.0,12.65,4,102
2023-04-13,78,48,16,SCT,6.1,12.68,4,103
2023-04-14,78,55,17,OVC,10.7,12.71,4,104
2023-04-15,90,60,16,FEW,9.2,12.74,4,105
2023-04-16,72,51,15,FEW,11.1,12.77,4,106
2023-04-17,76,45,13,FEW,8.5,12.8,4,107
2023-04-18,78,61,17,BKN,11.2,12.83,4,108
2023-04-19,80,69,16,OVC,12.8,12.86,4,109
2023-04-20,87,65,15,BKN,10.7,12.88,4,110
2023-04-21,78,57,16,OVC,8.9,12.91,4,111
2023-04-22,78,49,14,CLR,8.6,12.94,4,112
2023-04-23,65,51,0,OVC,16.6,12.97,4,113
2023-04-24,69,53,16,OVC,7.8,13.0,4,114
2023-04-25,74,61,16,OVC,5.1,13.03,4,115
2023-04-26,84,68,15,SCT,10.1,13.05,4,116
2023-04-27,80,57,15,CLR,7.2,13.08,4,117
2023-04-28,83,54,15,BKN,11.5,13.11,4,118
2023-04-29,75,52,17,FEW,15.2,13.13,4,119
2023-04-30,86,49,14,CLR,10.5,13.16,4,120
2023-05-01,83,50,16,BKN,7.6,13.19,5,121
2023-05-02,79,60,15,BKN,6.8,13.21,5,122
2023-05-03,83,59,14,BKN,6.8,13.24,5,123
2023-05-04,82,62,15,SCT,7.3,13.27,5,124
2023-05-05,91,66,16,BKN,11.4,13.29,5,125
2023-05-06,88,66,14,BKN,9.7,13.32,5,126
2023-05-07,84,71,15,BKN,10.2,13.34,5,127
2023-05-08,90,68,14,SCT,8.9,13.36,5,128
2023-05-09,75,68,11,BKN,5.6,13.39,5,129
2023-05-10,80,67,15,BKN,4.0,13.41,5,130
2023-05-11,88,72,15,SCT,9.2,13.43,5,131
2023-05-12,86,75,16,BKN,10.8,13.46,5,132
2023-05-13,75,65,0,BKN,6.2,13.48,5,133
2023-05-14,82,63,15,BKN,3.2,13.5,5,134
2023-05-15,83,65,12,BKN,5.1,13.52,5,135
2023-05-16,83,66,15,SCT,6.0,13.54,5,136
2023-05-17,87,63,15,FEW,5.8,13.56,5,137
2023-05-18,88,62,15,SCT,5.4,13.58,5,138
2023-05-19,89,67,14,FEW,8.5,13.6,5,139
2023-05-20,81,68,14,BKN,10.9,13.62,5,140
2023-05-21,74,63,18,SCT,2.9,13.64,5,141
2023-05-22,84,61,15,SCT,3.2,13.66,5,142
2023-05-23,89,65,16,FEW,6.8,13.68,5,143
2023-05-24,82,65,16,BKN,8.2,13.7,5,144
2023-05-25,84,65,15,BKN,6.3,13.71,5,145
2023-05-26,85,63,14,BKN,4.7,13.73,5,146
2023-05-27,85,64,13,BKN,6.6,13.75,5,147
2023-05-28,84,68,13,FEW,9.6,13.76,5,148
2023-05-29,86,68,15,SCT,5.2,13.78,5,149
2023-05-30,88,64,16,FEW,6.2,13.79,5,150
2023-05-31,88,67,14,SCT,7.9,13.8,5,151
2023-06-01,90,67,16,BKN,9.3,13.82,6,152
2023-06-02,88,65,15,SCT,9.9,13.83,6,153
2023-06-03,91,66,16,FEW,5.9,13.84,6,154
2023-06-04,82,65,16,BKN,4.2,13.85,6,155
2023-06-05,86,67,13,SCT,6.9,13.86,6,156
2023-06-06,87,64,15,FEW,2.8,13.87,6,157
2023-06-07,89,67,17,SCT,3.1,13.88,6,158
2023-06-08,89,69,12,SCT,5.3,13.89,6,159
2023-06-09,95,67,14,SCT,5.6,13.9,6,160
2023-06-10,94,67,14,FEW,12.0,13.91,6,161
2023-06-11,95,69,16,FEW,9.6,13.92,6,162
2023-06-12,94,74,15,SCT,9.9,13.92,6,163
2023-06-13,93,77,16,BKN,8.6,13.93,6,164
2023-06-14,93,80,15,BKN,7.8,13.93,6,165
2023-06-15,98,80,16,OVC,9.0,13.94,6,166
2023-06-16,99,79,15,BKN,10.2,13.94,6,167
2023-06-17,94,79,16,BKN,6.8,13.94,6,168
2023-06-18,102,79,16,FEW,11.6,13.95,6,169
2023-06-19,100,79,15,FEW,9.2,13.95,6,170
2023-06-20,102,78,16,FEW,9.7,13.95,6,171
2023-06-21,101,75,16,FEW,7.4,13.95,6,172
2023-06-22,91,74,14,SCT,6.5,13.95,6,173
2023-06-23,95,74,16,FEW,10.0,13.95,6,174
2023-06-25,97,78,14,FEW,10.8,13.94,6,176
2023-06-26,98,76,15,CLR,11.2,13.94,6,177
2023-06-27,99,74,15,CLR,10.1,13.94,6,178
2023-06-28,97,76,14,CLR,10.9,13.93,6,179
2023-06-29,96,77,16,FEW,10.3,13.93,6,180
2023-06-30,96,74,15,SCT,10.8,13.92,6,181
2023-07-01,97,76,14,FEW,6.9,13.92,7,182
2023-07-02,95,77,14,BKN,6.4,13.91,7,183
2023-07-03,94,74,13,SCT,7.3,13.9,7,184
2023-07-04,93,73,15,BKN,8.2,13.9,7,185
2023-07-05,94,76,14,SCT,10.8,13.89,7,186
2023-07-06,87,74,12,BKN,10.7,13.88,7,187
2023-07-07,91,72,14,BKN,9.8,13.87,7,188
2023-07-08,98,75,17,FEW,7.7,13.86,7,189
2023-07-09,99,77,16,FEW,8.7,13.85,7,190
2023-07-10,101,77,15,FEW,8.1,13.84,7,191
2023-07-11,101,78,16,SCT,8.6,13.82,7,192
2023-07-12,104,79,15,FEW,12.8,13.81,7,193
2023-07-13,104,77,16,FEW,11.1,13.8,7,194
2023-07-14,102,78,15,SCT,13.0,13.78,7,195
2023-07-15,103,76,15,FEW,7.9,13.77,7,196
2023-07-16,103,78,15,SCT,7.2,13.75,7,197
2023-07-17,102,74,15,CLR,8.2,13.74,7,198
2023-07-18,103,76,16,CLR,10.1,13.72,7,199
2023-07-19,102,76,16,CLR,10.6,13.71,7,200
2023-07-20,102,78,17,FEW,7.8,13.69,7,201
2023-07-21,100,75,18,FEW,7.1,13.67,7,202
2023-07-22,101,76,14,FEW,4.8,13.65,7,203
2023-07-23,101,80,14,FEW,6.6,13.63,7,204
2023-07-24,100,71,17,SCT,6.2,13.61,7,205
2023-07-25,100,73,16,FEW,8.0,13.59,7,206
2023-07-26,99,76,14,SCT,8.2,13.57,7,207
2023-07-27,97,73,14,FEW,8.6,13.55,7,208
2023-07-28,98,73,15,SCT,5.7,13.53,7,209
2023-07-29,99,72,15,FEW,5.7,13.51,7,210
2023-07-30,101,74,16,FEW,5.0,13.49,7,211
2023-07-31,103,74,16,SCT,7.8,13.47,7,212
2023-08-01,103,77,15,FEW,7.2,13.45,8,213
2023-08-02,104,73,16,FEW,7.6,13.42,8,214
2023-08-03,103,77,17,FEW,9.9,13.4,8,215
2023-08-04,104,78,15,FEW,9.9,13.38,8,216
2023-08-05,104,78,16,FEW,10.3,13.35,8,217
2023-08-06,104,76,16,FEW,10.1,13.33,8,218
2023-08-07,105,79,16,FEW,9.8,13.3,8,219
2023-08-08,105,79,15,FEW,11.7,13.28,8,220
2023-08-09,108,77,16,FEW,14.0,13.25,8,221
2023-08-10,106,78,15,FEW,12.9,13.23,8,222
2023-08-11,106,79,16,FEW,12.3,13.2,8,223
2023-08-12,105,80,15,FEW,12.3,13.17,8,224
2023-08-13,105,81,16,FEW,11.6,13.15,8,225
2023-08-14,106,75,16,FEW,6.8,13.12,8,226
2023-08-15,101,78,15,FEW,10.8,13.09,8,227
2023-08-16,103,71,16,FEW,5.4,13.07,8,228
2023-08-17,109,74,15,FEW,6.6,13.04,8,229
2023-08-18,106,76,15,FEW,7.0,13.01,8,230
2023-08-19,104,72,16,FEW,6.7,12.98,8,231
2023-08-20,106,76,15,FEW,5.2,12.96,8,232
2023-08-21,105,80,14,BKN,8.9,12.93,8,233
2023-08-22,98,78,13,SCT,11.2,12.9,8,234
2023-08-23,101,78,16,SCT,7.4,12.87,8,235
2023-08-24,106,76,16,SCT,5.1,12.84,8,236
2023-08-25,106,77,15,FEW,6.0,12.81,8,237
2023-08-26,105,74,15,FEW,4.5,12.78,8,238
2023-08-27,109,78,14,FEW,4.9,12.75,8,239
2023-08-28,100,75,13,FEW,10.4,12.72,8,240
2023-08-29,100,74,15,SCT,10.6,12.69,8,241
2023-08-30,101,68,16,FEW,6.8,12.66,8,242
2023-08-31,102,69,15,FEW,6.6,12.63,8,243
2023-09-01,100,69,14,SCT,6.5,12.6,9,244
2023-09-02,102,70,14,FEW,3.2,12.57,9,245
2023-09-03,101,76,15,FEW,6.8,12.54,9,246
2023-09-04,102,76,16,SCT,10.2,12.51,9,247
2023-09-05,104,80,15,SCT,11.4,12.48,9,248
2023-09-06,103,78,16,SCT,6.2,12.45,9,249
2023-09-07,105,78,16,FEW,6.4,12.42,9,250
2023-09-08,106,79,14,CLR,6.8,12.39,9,251
2023-09-09,103,78,16,FEW,7.9,12.36,9,252
2023-09-10,99,76,15,FEW,7.8,12.33,9,253
2023-09-11,97,70,14,BKN,7.5,12.3,9,254
2023-09-12,94,78,14,SCT,7.1,12.27,9,255
2023-09-13,91,73,13,SCT,7.8,12.23,9,256
2023-09-14,94,73,14,BKN,4.4,12.2,9,257
2023-09-15,90,73,17,SCT,6.2,12.17,9,258
2023-09-16,85,71,11,BKN,8.1,12.14,9,259
2023-09-17,93,68,16,FEW,6.6,12.11,9,260
2023-09-18,96,67,15,FEW,3.5,12.08,9,261
2023-09-19,97,70,15,FEW,9.0,12.05,9,262
2023-09-20,98,70,16,FEW,10.2,12.02,9,263
2023-09-21,97,73,14,BKN,6.4,11.98,9,264
2023-09-22,98,73,15,BKN,9.3,11.95,9,265
2023-09-23,100,78,15,FEW,11.4,11.92,9,266
2023-09-24,103,77,15,FEW,12.6,11.89,9,267
2023-09-25,98,79,15,SCT,6.2,11.86,9,268
2023-09-26,97,71,15,FEW,7.1,11.83,9,269
2023-09-27,93,71,15,SCT,2.3,11.8,9,270
2023-09-28,95,68,15,SCT,6.2,11.77,9,271
2023-09-29,96,69,15,SCT,6.6,11.73,9,272
2023-09-30,96,69,15,FEW,5.9,11.7,9,273
2023-10-01,94,66,17,BKN,7.9,11.67,10,274
2023-10-02,94,67,13,SCT,9.2,11.64,10,275
2023-10-03,95,65,15,SCT,6.3,11.61,10,276
2023-10-04,100,76,15,SCT,8.7,11.58,10,277
2023-10-05,81,69,0,BKN,5.9,11.55,10,278
2023-10-06,88,67,15,BKN,11.7,11.52,10,279
2023-10-07,77,59,15,OVC,12.9,11.49,10,280
2023-10-08,81,50,16,FEW,4.3,11.46,10,281
2023-10-09,84,52,14,FEW,9.2,11.43,10,282
2023-10-10,80,63,12,BKN,8.5,11.4,10,283
2023-10-11,72,66,14,OVC,6.6,11.37,10,284
2023-10-12,85,63,16,OVC,10.6,11.34,10,285
2023-10-13,92,66,15,BKN,5.8,11.31,10,286
2023-10-14,78,52,15,FEW,11.4,11.28,10,287
2023-10-15,75,54,15,FEW,14.8,11.25,10,288
2023-10-16,75,48,16,CLR,11.4,11.22,10,289
2023-10-17,78,39,15,CLR,3.6,11.19,10,290
2023-10-18,83,45,14,CLR,10.3,11.16,10,291
2023-10-19,88,54,14,CLR,8.0,11.13,10,292
2023-10-20,97,50,14,FEW,4.1,11.1,10,293
2023-10-21,94,53,13,BKN,4.7,11.07,10,294
2023-10-22,88,62,14,SCT,8.8,11.04,10,295
2023-10-23,82,70,13,BKN,6.6,11.02,10,296
2023-10-24,81,73,15,BKN,11.1,10.99,10,297
2023-10-25,85,74,14,BKN,12.8,10.96,10,298
2023-10-26,79,69,17,BKN,7.1,10.93,10,299
2023-10-27,87,75,15,BKN,6.2,10.91,10,300
2023-10-28,88,74,15,BKN,10.9,10.88,10,301
2023-10-29,76,44,0,OVC,15.1,10.85,10,302
2023-10-30,49,41,17,OVC,15.2,10.83,10,303
2023-10-31,60,40,14,CLR,13.7,10.8,10,304
2023-11-01,59,37,14,CLR,6.3,10.77,11,305
2023-11-02,66,32,14,FEW,5.2,10.75,11,306
2023-11-03,76,48,15,BKN,7.2,10.72,11,307
2023-11-04,79,49,15,FEW,5.8,10.7,11,308
2023-11-05,80,56,14,OVC,5.7,10.67,11,309
2023-11-06,81,59,14,BKN,11.1,10.65,11,310
2023-11-07,85,64,14,FEW,10.9,10.62,11,311
2023-11-08,82,69,15,OVC,8.2,10.6,11,312
2023-11-09,76,55,10,BKN,7.2,10.58,11,313
2023-11-10,58,54,15,OVC,11.7,10.55,11,314
2023-11-11,62,54,13,OVC,7.3,10.53,11,315
2023-11-12,62,56,15,OVC,7.8,10.51,11,316
2023-11-13,67,55,14,OVC,10.1,10.49,11,317
2023-11-14,72,51,14,FEW,6.9,10.47,11,318
2023-11-15,74,48,13,CLR,6.0,10.45,11,319
2023-11-16,63,47,15,OVC,3.2,10.43,11,320
2023-11-17,81,54,14,FEW,7.8,10.41,11,321
2023-11-18,69,60,13,OVC,6.6,10.39,11,322
2023-11-19,66,56,15,OVC,5.8,10.37,11,323
2023-11-20,84,62,14,SCT,8.1,10.35,11,324
2023-11-21,60,48,0,OVC,14.8,10.33,11,325
2023-11-22,66,36,14,FEW,4.4,10.31,11,326
2023-11-23,58,35,14,OVC,6.2,10.29,11,327
2023-11-24,65,36,14,FEW,4.8,10.28,11,328
2023-11-25,60,40,12,OVC,5.7,10.26,11,329
2023-11-26,56,39,0,SCT,14.3,10.25,11,330
2023-11-27,56,35,13,BKN,8.0,10.23,11,331
2023-11-28,61,41,13,FEW,3.3,10.22,11,332
2023-11-29,65,39,14,OVC,6.7,10.2,11,333
2023-11-30,74,58,14,OVC,8.4,10.19,11,334
2023-12-01,69,48,14,BKN,8.2,10.18,12,335
2023-12-02,69,43,13,BKN,4.6,10.16,12,336
2023-12-03,74,43,14,BKN,7.8,10.15,12,337
2023-12-04,68,39,13,FEW,5.9,10.14,12,338
2023-12-05,72,35,14,SCT,1.8,10.13,12,339
2023-12-06,69,38,14,FEW,3.0,10.12,12,340
2023-12-07,72,38,14,BKN,9.6,10.11,12,341
2023-12-08,74,57,15,OVC,9.4,10.1,12,342
2023-12-09,76,52,11,FEW,11.8,10.1,12,343
2023-12-10,59,30,13,FEW,8.8,10.09,12,344
2023-12-11,65,25,14,FEW,6.8,10.08,12,345
2023-12-12,68,34,13,FEW,8.2,10.08,12,346
2023-12-13,56,52,0,OVC,7.4,10.07,12,347
2023-12-14,69,49,13,SCT,6.5,10.07,12,348
2023-12-15,65,54,13,OVC,5.7,10.06,12,349
2023-12-16,65,39,15,CLR,10.1,10.06,12,350
2023-12-17,71,31,14,FEW,5.2,10.06,12,351
2023-12-18,68,37,13,CLR,10.1,10.05,12,352
2023-12-19,68,35,14,SCT,5.9,10.05,12,353
2023-12-20,72,45,15,BKN,8.6,10.05,12,354
2023-12-21,64,60,13,BKN,3.9,10.05,12,355
2023-12-23,71,58,13,OVC,5.9,10.05,12,357
2023-12-24,74,55,14,FEW,4.9,10.05,12,358
2023-12-25,57,37,13,SCT,7.2,10.06,12,359
2023-12-26,59,31,14,FEW,7.6,10.06,12,360
2023-12-27,64,34,14,FEW,6.5,10.06,12,361
2023-12-28,61,35,14,FEW,6.8,10.07,12,362
2023-12-29,61,36,15,CLR,6.5,10.07,12,363
2023-12-30,69,29,14,FEW,6.2,10.08,12,364
2023-12-31,72,33,14,FEW,7.2,10.08,12,365
2024-01-01,58,39,2,SCT,12.2,10.09,1,1
2024-01-02,53,40,12,OVC,7.2,10.1,1,2
2024-01-03,51,45,15,OVC,8.5,10.11,1,3
2024-01-04,58,34,15,OVC,7.0,10.12,1,4
2024-01-05,66,40,14,CLR,5.4,10.13,1,5
2024-01-06,63,35,14,FEW,3.6,10.14,1,6
2024-01-07,65,31,14,BKN,9.4,10.15,1,7
2024-01-08,62,50,17,BKN,12.7,10.16,1,8
2024-01-09,56,32,13,CLR,12.9,10.17,1,9
2024-01-10,67,25,14,FEW,10.8,10.18,1,10
2024-01-11,74,35,16,SCT,9.5,10.2,1,11
2024-01-12,68,31,1,FEW,10.2,10.21,1,12
2024-01-13,62,24,13,BKN,8.4,10.22,1,13
2024-01-14,35,19,0,OVC,15.3,10.24,1,14
2024-01-15,25,18,14,OVC,13.2,10.25,1,15
2024-01-16,34,17,15,FEW,11.6,10.27,1,16
2024-01-17,46,12,14,FEW,8.3,10.29,1,17
2024-01-18,77,36,15,FEW,5.7,10.3,1,18
2024-01-19,49,31,2,CLR,17.9,10.32,1,19
2024-01-20,42,26,14,OVC,9.8,10.34,1,20
2024-01-21,40,37,0,OVC,7.3,10.36,1,21
2024-01-22,58,39,16,OVC,3.6,10.38,1,22
2024-01-23,60,53,15,OVC,4.4,10.4,1,23
2024-01-24,56,54,11,OVC,6.4,10.42,1,24
2024-01-25,60,46,15,OVC,5.2,10.44,1,25
2024-01-26,56,50,15,OVC,7.5,10.46,1,26
2024-01-27,63,42,14,FEW,10.3,10.48,1,27
2024-01-28,66,36,15,CLR,2.9,10.5,1,28
2024-01-29,71,35,14,FEW,5.8,10.52,1,29
2024-01-30,73,39,12,SCT,2.8,10.54,1,30
2024-01-31,73,39,14,BKN,4.5,10.57,1,31
2024-02-01,71,42,14,FEW,7.7,10.59,2,32
2024-02-02,67,60,11,OVC,8.8,10.61,2,33
2024-02-03,72,50,14,SCT,5.8,10.64,2,34
2024-02-04,67,48,14,FEW,13.1,10.66,2,35
2024-02-05,64,43,16,OVC,11.6,10.68,2,36
2024-02-06,69,37,14,FEW,3.1,10.71,2,37
2024-02-07,69,39,14,SCT,13.6,10.73,2,38
2024-02-08,72,59,13,BKN,2.1,10.76,2,39
2024-02-09,74,60,14,BKN,7.4,10.79,2,40
2024-02-10,66,59,1,OVC,7.9,10.81,2,41
2024-02-11,60,47,4,OVC,10.6,10.84,2,42
2024-02-12,60,38,14,CLR,9.5,10.87,2,43
2024-02-13,67,31,15,FEW,6.3,10.89,2,44
2024-02-14,68,36,13,BKN,7.3,10.92,2,45
2024-02-15,69,57,12,OVC,5.0,10.95,2,46
2024-02-16,73,52,14,BKN,9.8,10.97,2,47
2024-02-17,51,38,0,OVC,18.7,11.0,2,48
2024-02-18,53,33,15,FEW,5.8,11.03,2,49
2024-02-19,67,28,14,CLR,10.8,11.06,2,50
2024-02-20,78,36,14,FEW,9.0,11.09,2,51
2024-02-21,77,60,15,OVC,13.3,11.12,2,52
2024-02-22,86,64,13,FEW,8.9,11.14,2,53
2024-02-23,75,49,14,FEW,10.2,11.17,2,54
2024-02-24,78,42,13,FEW,6.9,11.2,2,55
2024-02-25,82,42,14,FEW,13.3,11.23,2,56
2024-02-26,81,57,14,BKN,10.4,11.26,2,57
2024-02-27,78,67,15,BKN,8.0,11.29,2,58
2024-02-28,68,47,0,SCT,21.4,11.32,2,59
2024-02-29,48,43,10,OVC,6.2,11.35,2,60
2024-03-01,67,44,16,SCT,4.8,11.38,3,61
2024-03-02,80,39,15,FEW,8.9,11.41,3,62
2024-03-03,80,63,15,BKN,11.0,11.44,3,63
2024-03-04,82,67,12,SCT,7.5,11.47,3,64
2024-03-05,90,55,13,CLR,4.0,11.5,3,65
2024-03-06,82,52,13,SCT,6.8,11.53,3,66
2024-03-07,74,66,13,BKN,10.8,11.56,3,67
2024-03-08,83,51,14,BKN,9.0,11.59,3,68
2024-03-09,62,47,15,FEW,12.8,11.63,3,69
2024-03-10,66,40,15,BKN,4.4,11.66,3,70
2024-03-11,73,52,15,SCT,6.2,11.69,3,71
2024-03-12,76,54,15,OVC,9.4,11.72,3,72
2024-03-13,83,67,16,OVC,11.5,11.75,3,73
2024-03-14,79,68,12,OVC,13.1,11.78,3,74
2024-03-15,74,65,10,OVC,14.1,11.81,3,75
2024-03-16,74,62,16,OVC,5.4,11.84,3,76
2024-03-17,67,59,0,OVC,11.0,11.87,3,77
2024-03-18,64,47,12,SCT,13.6,11.91,3,78
2024-03-19,64,41,14,SCT,6.0,11.94,3,79
2024-03-20,67,50,17,OVC,7.6,11.97,3,80
2024-03-21,64,55,17,OVC,6.8,12.0,3,81
2024-03-22,77,51,14,FEW,10.2,12.03,3,82
2024-03-23,72,47,17,BKN,4.4,12.06,3,83
2024-03-24,73,56,17,OVC,13.0,12.09,3,84
2024-03-25,79,53,16,FEW,5.3,12.13,3,85
2024-03-26,66,47,16,CLR,8.9,12.16,3,86
2024-03-27,66,46,14,BKN,5.3,12.19,3,87
2024-03-28,76,41,16,CLR,7.9,12.22,3,88
2024-03-29,77,53,15,SCT,13.4,12.25,3,89
2024-03-30,76,60,15,OVC,9.4,12.28,3,90
2024-03-31,79,64,16,OVC,11.8,12.31,3,91
2024-04-01,82,70,14,OVC,13.8,12.34,4,92
2024-04-02,75,56,14,FEW,10.9,12.37,4,93
2024-04-03,80,48,16,CLR,8.0,12.41,4,94
2024-04-04,86,45,15,CLR,6.8,12.44,4,95
2024-04-05,85,45,14,SCT,12.7,12.47,4,96
2024-04-06,77,51,15,OVC,14.1,12.5,4,97
2024-04-07,80,61,16,BKN,5.2,12.53,4,98
2024-04-08,80,57,12,OVC,6.9,12.56,4,99
2024-04-09,85,64,16,BKN,11.2,12.59,4,100
2024-04-10,70,59,16,SCT,14.2,12.62,4,101
2024-04-11,82,49,15,CLR,8.6,12.65,4,102
2024-04-12,80,47,14,SCT,9.8,12.68,4,103
2024-04-13,81,58,15,BKN,14.0,12.71,4,104
2024-04-14,83,62,16,OVC,10.0,12.74,4,105
2024-04-15,83,69,15,OVC,13.9,12.77,4,106
2024-04-16,79,70,15,OVC,6.5,12.8,4,107
2024-04-17,82,72,15,BKN,8.0,12.83,4,108
2024-04-18,88,71,16,BKN,9.6,12.86,4,109
2024-04-19,76,65,14,OVC,11.5,12.88,4,110
2024-04-20,71,57,10,OVC,12.3,12.91,4,111
2024-04-21,68,51,14,SCT,16.2,12.94,4,112
2024-04-22,73,47,15,FEW,7.2,12.97,4,113
2024-04-23,73,51,14,OVC,9.9,13.0,4,114
2024-04-24,84,70,15,BKN,8.9,13.03,4,115
2024-04-25,82,70,15,BKN,14.4,13.05,4,116
2024-04-26,85,73,15,BKN,13.7,13.08,4,117
2024-04-27,83,75,14,BKN,16.5,13.11,4,118
2024-04-28,81,65,17,BKN,3.5,13.13,4,119
2024-04-29,88,69,16,FEW,3.7,13.16,4,120
2024-04-30,86,68,16,BKN,9.3,13.19,4,121
2024-05-01,79,71,17,OVC,8.1,13.21,5,122
2024-05-02,80,69,17,OVC,8.0,13.24,5,123
2024-05-03,75,73,11,OVC,8.1,13.27,5,124
2024-05-04,80,70,14,OVC,5.5,13.29,5,125
2024-05-05,80,63,14,BKN,9.2,13.32,5,126
2024-05-06,85,74,14,BKN,12.2,13.34,5,127
2024-05-07,89,73,16,BKN,6.9,13.36,5,128
2024-05-08,89,75,15,OVC,6.5,13.39,5,129
2024-05-09,92,73,16,BKN,5.8,13.41,5,130
2024-05-10,84,70,14,BKN,14.2,13.43,5,131
2024-05-11,82,69,12,OVC,10.1,13.46,5,132
2024-05-12,75,68,12,OVC,6.9,13.48,5,133
2024-05-13,79,67,17,BKN,5.3,13.5,5,134
2024-05-14,92,58,15,CLR,5.4,13.52,5,135
2024-05-15,94,59,15,SCT,10.3,13.54,5,136
2024-05-16,83,66,11,OVC,11.4,13.56,5,137
2024-05-17,86,62,17,OVC,5.2,13.58,5,138
2024-05-18,95,66,16,FEW,6.3,13.6,5,139
2024-05-19,92,72,15,FEW,9.2,13.62,5,140
2024-05-20,93,66,15,SCT,9.7,13.64,5,141
2024-05-21,94,76,15,BKN,11.9,13.66,5,142
2024-05-22,93,78,15,BKN,12.6,13.68,5,143
2024-05-23,93,77,15,BKN,12.7,13.7,5,144
2024-05-24,98,77,14,BKN,10.8,13.71,5,145
2024-05-25,99,77,16,FEW,13.4,13.73,5,146
2024-05-26,96,78,17,OVC,7.5,13.75,5,147
2024-05-27,97,79,15,OVC,5.8,13.76,5,148
2024-05-28,87,74,10,FEW,13.9,13.78,5,149
2024-05-29,90,70,13,FEW,5.4,13.79,5,150
2024-05-30,92,75,14,BKN,10.2,13.8,5,151
2024-05-31,89,65,16,FEW,6.2,13.82,5,152
2024-06-01,91,72,15,BKN,5.7,13.83,6,153
2024-06-02,93,77,14,BKN,10.8,13.84,6,154
2024-06-03,93,80,14,BKN,13.9,13.85,6,155
2024-06-04,97,81,16,BKN,13.2,13.86,6,156
2024-06-05,90,71,15,SCT,7.6,13.87,6,157
2024-06-06,96,69,14,FEW,5.5,13.88,6,158
2024-06-07,96,68,16,CLR,7.3,13.89,6,159
2024-06-08,95,71,15,FEW,11.7,13.9,6,160
2024-06-09,95,69,16,FEW,7.5,13.91,6,161
2024-06-10,95,77,15,SCT,3.8,13.92,6,162
2024-06-11,95,73,14,SCT,5.9,13.92,6,163
2024-06-12,91,74,15,BKN,5.9,13.93,6,164
2024-06-13,96,73,16,SCT,3.4,13.93,6,165
2024-06-14,95,73,14,SCT,5.3,13.94,6,166
2024-06-15,95,71,15,SCT,7.1,13.94,6,167
2024-06-16,97,73,16,SCT,9.1,13.94,6,168
2024-06-17,96,77,15,SCT,13.4,13.95,6,169
2024-06-18,94,73,14,SCT,10.8,13.95,6,170
2024-06-19,80,74,11,BKN,12.5,13.95,6,171
2024-06-21,92,73,15,BKN,7.6,13.95,6,173
2024-06-22,93,72,16,SCT,4.3,13.95,6,174
2024-06-23,93,71,14,FEW,4.5,13.95,6,175
2024-06-24,95,74,15,SCT,5.9,13.94,6,176
2024-06-25,95,77,16,SCT,8.3,13.94,6,177
2024-06-26,95,78,15,SCT,6.5,13.94,6,178
2024-06-27,98,77,14,BKN,5.8,13.93,6,179
2024-06-28,97,78,17,FEW,10.5,13.93,6,180
2024-06-29,98,80,16,FEW,11.6,13.92,6,181
2024-06-30,96,78,15,FEW,6.7,13.92,6,182
2024-07-01,97,74,14,FEW,6.1,13.91,7,183
2024-07-02,99,73,15,FEW,9.3,13.9,7,184
2024-07-03,96,74,17,SCT,9.7,13.9,7,185
2024-07-04,98,78,15,SCT,9.4,13.89,7,186
2024-07-05,99,75,16,FEW,6.3,13.88,7,187
2024-07-06,98,74,15,FEW,5.5,13.87,7,188
2024-07-07,92,74,14,BKN,7.4,13.86,7,189
2024-07-08,91,75,16,BKN,10.4,13.85,7,190
2024-07-09,94,72,14,BKN,6.0,13.84,7,191
2024-07-10,96,74,15,FEW,6.3,13.82,7,192
2024-07-11,95,70,15,SCT,5.3,13.81,7,193
2024-07-12,86,72,11,BKN,5.8,13.8,7,194
2024-07-13,88,72,12,BKN,6.3,13.78,7,195
2024-07-14,91,73,16,SCT,8.2,13.77,7,196
2024-07-15,95,72,14,FEW,8.2,13.75,7,197
2024-07-16,97,73,15,FEW,9.3,13.74,7,198
2024-07-17,95,73,13,SCT,4.7,13.72,7,199
2024-07-18,95,73,16,SCT,4.8,13.71,7,200
2024-07-19,92,74,15,SCT,6.8,13.69,7,201
2024-07-20,94,73,14,FEW,4.8,13.67,7,202
2024-07-21,96,74,14,FEW,4.1,13.65,7,203
2024-07-22,91,74,13,BKN,6.6,13.63,7,204
2024-07-23,81,73,16,BKN,6.9,13.61,7,205
2024-07-24,88,73,14,SCT,7.5,13.59,7,206
2024-07-25,87,74,16,BKN,5.9,13.57,7,207
2024-07-26,87,71,14,BKN,4.9,13.55,7,208
2024-07-27,85,72,16,OVC,8.2,13.53,7,209
2024-07-28,86,76,14,BKN,9.8,13.51,7,210
2024-07-29,94,78,15,SCT,11.9,13.49,7,211
2024-07-30,93,78,17,SCT,13.0,13.47,7,212
2024-07-31,94,75,15,FEW,12.7,13.45,7,213
2024-08-01,95,74,15,FEW,8.0,13.42,8,214
2024-08-02,96,76,15,FEW,5.2,13.4,8,215
2024-08-03,98,72,16,SCT,5.1,13.38,8,216
2024-08-04,95,76,16,SCT,5.0,13.35,8,217
2024-08-05,97,73,15,FEW,3.9,13.33,8,218
2024-08-06,98,73,15,SCT,3.6,13.3,8,219
2024-08-07,102,75,16,FEW,6.2,13.28,8,220
2024-08-08,99,73,15,FEW,5.5,13.25,8,221
2024-08-09,99,74,16,SCT,2.8,13.23,8,222
2024-08-10,97,75,15,FEW,5.3,13.2,8,223
2024-08-11,97,76,16,FEW,7.2,13.17,8,224
2024-08-12,97,73,16,SCT,7.1,13.15,8,225
2024-08-13,97,75,15,BKN,9.0,13.12,8,226
2024-08-14,98,76,15,SCT,8.5,13.09,8,227
2024-08-15,99,76,15,FEW,8.8,13.07,8,228
2024-08-16,99,77,16,SCT,7.3,13.04,8,229
2024-08-17,99,75,16,BKN,6.0,13.01,8,230
2024-08-18,100,77,16,SCT,5.8,12.98,8,231
2024-08-19,102,74,16,SCT,3.9,12.96,8,232
2024-08-20,104,75,15,FEW,5.8,12.93,8,233
2024-08-21,106,74,15,FEW,3.4,12.9,8,234
2024-08-22,105,78,15,FEW,9.8,12.87,8,235
2024-08-23,99,75,14,FEW,8.1,12.84,8,236
2024-08-24,97,75,16,FEW,7.0,12.81,8,237
2024-08-25,96,73,14,FEW,4.9,12.78,8,238
2024-08-26,91,71,11,SCT,7.3,12.75,8,239
2024-08-27,89,73,16,SCT,5.2,12.72,8,240
2024-08-28,94,73,15,SCT,6.9,12.69,8,241
2024-08-29,93,72,17,BKN,5.5,12.66,8,242
2024-08-30,92,74,16,SCT,7.1,12.63,8,243
2024-08-31,94,73,16,FEW,9.5,12.6,8,244
2024-09-01,94,74,15,BKN,10.8,12.57,9,245
2024-09-02,93,78,15,BKN,11.1,12.54,9,246
2024-09-03,90,75,14,BKN,8.8,12.51,9,247
2024-09-04,89,74,14,BKN,12.0,12.48,9,248
2024-09-05,88,75,17,OVC,13.5,12.45,9,249
2024-09-06,92,75,14,OVC,15.8,12.42,9,250
2024-09-07,91,68,14,CLR,19.2,12.39,9,251
2024-09-08,87,61,15,FEW,13.9,12.36,9,252
2024-09-09,90,55,16,FEW,9.9,12.33,9,253
2024-09-10,91,64,14,FEW,9.6,12.3,9,254
2024-09-11,91,74,16,SCT,10.1,12.27,9,255
2024-09-12,94,72,17,SCT,5.1,12.23,9,256
2024-09-13,97,66,15,FEW,6.5,12.2,9,257
2024-09-14,97,75,15,SCT,8.0,12.17,9,258
2024-09-15,98,75,16,FEW,5.1,12.14,9,259
2024-09-16,97,70,15,SCT,5.2,12.11,9,260
2024-09-17,95,70,16,SCT,2.9,12.08,9,261
2024-09-18,98,72,16,BKN,8.2,12.05,9,262
2024-09-19,98,76,15,SCT,5.2,12.02,9,263
2024-09-20,99,76,15,SCT,5.5,11.98,9,264
2024-09-21,96,73,14,SCT,8.2,11.95,9,265
2024-09-22,96,71,15,SCT,6.1,11.92,9,266
2024-09-23,94,75,15,SCT,6.0,11.89,9,267
2024-09-24,93,72,14,SCT,3.3,11.86,9,268
2024-09-25,97,71,12,FEW,13.2,11.83,9,269
2024-09-26,89,64,15,FEW,10.9,11.8,9,270
2024-09-27,94,57,16,CLR,6.9,11.77,9,271
2024-09-28,95,58,15,CLR,7.7,11.73,9,272
2024-09-29,94,57,15,FEW,7.6,11.7,9,273
2024-09-30,95,61,15,FEW,3.5,11.67,9,274
2024-10-01,96,62,14,FEW,6.6,11.64,10,275
2024-10-02,93,63,15,FEW,5.8,11.61,10,276
2024-10-03,94,64,15,SCT,5.2,11.58,10,277
2024-10-04,95,62,14,FEW,9.3,11.55,10,278
2024-10-05,93,67,16,SCT,6.5,11.52,10,279
2024-10-06,93,65,15,FEW,7.2,11.49,10,280
2024-10-07,93,63,13,FEW,7.9,11.46,10,281
2024-10-08,92,64,13,CLR,8.8,11.43,10,282
2024-10-09,92,56,15,CLR,1.8,11.4,10,283
2024-10-10,94,57,14,CLR,3.2,11.37,10,284
2024-10-11,92,56,15,CLR,6.0,11.34,10,285
2024-10-12,94,58,14,CLR,8.9,11.31,10,286
2024-10-13,98,66,15,CLR,8.8,11.28,10,287
2024-10-14,97,58,15,CLR,6.2,11.25,10,288
2024-10-15,97,57,14,CLR,4.0,11.22,10,289
2024-10-16,73,56,2,SCT,11.9,11.19,10,290
2024-10-17,76,46,15,FEW,5.1,11.16,10,291
2024-10-18,83,49,16,BKN,9.6,11.13,10,292
2024-10-19,85,63,15,FEW,6.4,11.1,10,293
2024-10-20,86,55,14,FEW,5.2,11.07,10,294
2024-10-21,86,50,16,FEW,5.7,11.04,10,295
2024-10-22,88,61,16,BKN,5.7,11.02,10,296
2024-10-23,90,60,15,CLR,6.6,10.99,10,297
2024-10-24,89,63,16,FEW,7.7,10.96,10,298
2024-10-25,90,67,15,FEW,6.4,10.93,10,299
2024-10-26,92,60,16,FEW,2.4,10.91,10,300
2024-10-27,91,60,15,FEW,6.0,10.88,10,301
2024-10-28,90,64,15,SCT,10.8,10.85,10,302
2024-10-29,88,71,14,SCT,17.0,10.83,10,303
2024-10-30,92,73,13,BKN,13.2,10.8,10,304
2024-10-31,86,71,15,BKN,9.5,10.77,10,305
2024-11-01,77,69,12,OVC,5.8,10.75,11,306
2024-11-02,82,72,17,OVC,6.5,10.72,11,307
2024-11-03,88,73,14,BKN,16.1,10.7,11,308
2024-11-04,87,62,14,BKN,14.9,10.67,11,309
2024-11-05,73,50,13,CLR,4.6,10.65,11,310
2024-11-06,81,45,14,CLR,5.3,10.62,11,311
2024-11-07,87,69,14,OVC,7.8,10.6,11,312
2024-11-08,89,65,14,BKN,9.8,10.58,11,313
2024-11-09,79,56,14,CLR,7.0,10.55,11,314
2024-11-10,87,58,14,FEW,3.2,10.53,11,315
2024-11-11,84,55,13,FEW,4.8,10.51,11,316
2024-11-12,82,53,14,FEW,4.1,10.49,11,317
2024-11-13,87,55,14,FEW,8.0,10.47,11,318
2024-11-14,76,43,14,CLR,6.1,10.45,11,319
2024-11-15,77,38,15,CLR,3.3,10.43,11,320
2024-11-16,82,49,13,FEW,10.0,10.41,11,321
2024-11-17,85,63,12,BKN,12.0,10.39,11,322
2024-11-18,79,48,16,FEW,5.1,10.37,11,323
2024-11-19,84,43,14,CLR,5.2,10.35,11,324
2024-11-20,68,38,15,CLR,11.4,10.33,11,325
2024-11-21,72,34,14,CLR,2.1,10.31,11,326
2024-11-22,77,37,14,SCT,1.5,10.29,11,327
2024-11-23,78,37,13,CLR,7.6,10.28,11,328
2024-11-24,83,49,14,FEW,10.9,10.26,11,329
2024-11-25,86,49,13,FEW,13.8,10.25,11,330
2024-11-26,65,42,13,OVC,5.4,10.23,11,331
2024-11-27,80,49,15,BKN,11.0,10.22,11,332
2024-11-28,61,43,13,BKN,16.0,10.2,11,333
2024-11-29,59,39,13,BKN,10.2,10.19,11,334
2024-11-30,65,42,15,BKN,3.3,10.18,11,335
2024-12-01,71,43,14,SCT,4.3,10.16,12,336
2024-12-02,69,37,14,FEW,6.6,10.15,12,337
2024-12-03,64,42,14,BKN,4.8,10.14,12,338
2024-12-04,59,53,13,OVC,4.9,10.13,12,339
2024-12-05,61,51,15,OVC,12.3,10.12,12,340
2024-12-06,52,43,13,OVC,9.8,10.11,12,341
2024-12-07,47,43,0,OVC,5.8,10.1,12,342
2024-12-08,60,46,14,OVC,6.1,10.1,12,343
2024-12-09,85,48,14,CLR,6.2,10.09,12,344
2024-12-10,61,43,13,FEW,15.1,10.08,12,345
2024-12-11,64,33,13,CLR,4.6,10.08,12,346
2024-12-12,66,26,13,BKN,9.6,10.07,12,347
2024-12-13,67,56,23,OVC,4.9,10.07,12,348
2024-12-14,78,67,12,BKN,5.6,10.06,12,349
2024-12-15,80,68,13,BKN,9.5,10.06,12,350
2024-12-16,80,63,13,BKN,7.0,10.06,12,351
2024-12-17,80,63,15,BKN,7.1,10.05,12,352
2024-12-19,69,38,15,CLR,4.2,10.05,12,354
2024-12-20,68,37,14,CLR,10.9,10.05,12,355
2024-12-21,63,31,14,FEW,3.6,10.05,12,356
2024-12-22,70,38,13,OVC,9.1,10.05,12,357
2024-12-23,77,56,15,BKN,12.6,10.05,12,358
2024-12-24,77,61,16,BKN,6.2,10.06,12,359
2024-12-25,61,55,13,OVC,6.3,10.06,12,360
2024-12-26,78,49,15,FEW,5.6,10.06,12,361
2024-12-27,81,41,14,FEW,7.8,10.07,12,362
2024-12-28,82,49,13,FEW,9.4,10.07,12,363
2024-12-29,77,45,14,FEW,3.5,10.08,12,364
2024-12-30,86,44,14,CLR,8.3,10.08,12,365
2024-12-31,68,44,13,CLR,11.9,10.09,12,366
2025-01-01,60,39,15,FEW,9.3,10.09,1,1
2025-01-02,63,36,14,OVC,3.6,10.1,1,2
2025-01-03,67,55,14,OVC,3.8,10.11,1,3
2025-01-04,73,61,14,OVC,9.2,10.12,1,4
2025-01-05,75,36,11,FEW,12.1,10.13,1,5
2025-01-06,46,29,14,CLR,13.8,10.14,1,6
2025-01-07,48,26,15,FEW,10.8,10.15,1,7
2025-01-08,41,35,14,OVC,10.3,10.16,1,8
2025-01-09,41,36,9,OVC,11.2,10.17,1,9
2025-01-10,44,35,16,OVC,11.7,10.18,1,10
2025-01-11,59,25,14,FEW,8.8,10.2,1,11
2025-01-12,63,26,13,SCT,7.8,10.21,1,12
2025-01-13,57,31,14,FEW,9.8,10.22,1,13
2025-01-14,55,29,14,OVC,3.2,10.24,1,14
2025-01-15,63,36,15,OVC,7.8,10.25,1,15
2025-01-16,66,31,14,SCT,2.5,10.27,1,16
2025-01-17,61,44,16,BKN,8.8,10.29,1,17
2025-01-18,61,40,13,FEW,11.2,10.3,1,18
2025-01-19,43,28,14,CLR,12.9,10.32,1,19
2025-01-20,34,21,13,OVC,11.4,10.34,1,20
2025-01-21,38,20,15,CLR,9.9,10.36,1,21
2025-01-22,50,17,14,FEW,11.5,10.38,1,22
2025-01-23,55,26,13,FEW,10.8,10.4,1,23
2025-01-24,59,22,14,CLR,6.3,10.42,1,24
2025-01-25,58,22,15,OVC,2.6,10.44,1,25
2025-01-26,55,49,2,OVC,8.7,10.46,1,26
2025-01-27,53,45,14,OVC,9.7,10.48,1,27
2025-01-28,53,47,16,OVC,5.2,10.5,1,28
2025-01-29,70,52,19,VV ,6.8,10.52,1,29
2025-01-30,69,50,0,OVC,5.8,10.54,1,30
2025-01-31,73,39,15,FEW,7.5,10.57,1,31
2025-02-01,75,33,14,FEW,7.1,10.59,2,32
2025-02-02,80,36,14,CLR,9.3,10.61,2,33
2025-02-03,84,58,15,FEW,10.1,10.64,2,34
2025-02-04,82,64,14,SCT,8.5,10.66,2,35
2025-02-05,77,65,16,BKN,7.8,10.68,2,36
2025-02-06,82,65,15,OVC,8.9,10.71,2,37
2025-02-07,80,69,15,OVC,10.2,10.73,2,38
2025-02-08,87,67,14,FEW,11.2,10.76,2,39
2025-02-09,70,51,0,OVC,11.2,10.79,2,40
2025-02-10,51,47,12,OVC,9.2,10.81,2,41
2025-02-11,52,46,9,OVC,8.5,10.84,2,42
2025-02-12,54,41,13,OVC,12.5,10.87,2,43
2025-02-13,46,33,14,BKN,16.1,10.89,2,44
2025-02-14,47,36,13,OVC,3.4,10.92,2,45
2025-02-15,72,47,15,OVC,6.6,10.95,2,46
2025-02-16,55,36,14,FEW,12.8,10.97,2,47
2025-02-17,62,27,16,BKN,8.7,11.0,2,48
2025-02-18,61,30,10,OVC,9.7,11.03,2,49
2025-02-19,29,21,15,OVC,17.2,11.06,2,50
2025-02-20,36,19,13,FEW,13.0,11.09,2,51
2025-02-21,38,31,14,OVC,9.9,11.12,2,52
2025-02-22,41,31,14,OVC,7.8,11.14,2,53
2025-02-23,64,41,15,FEW,3.8,11.17,2,54
2025-02-24,75,35,15,CLR,7.9,11.2,2,55
2025-02-25,77,38,15,CLR,9.2,11.23,2,56
2025-02-26,82,59,14,BKN,11.1,11.26,2,57
2025-02-27,68,49,15,OVC,13.5,11.29,2,58
2025-02-28,77,40,14,FEW,2.8,11.32,2,59
2025-03-01,83,44,13,FEW,4.3,11.35,3,60
2025-03-02,79,51,15,FEW,16.7,11.38,3,61
2025-03-03,79,67,15,OVC,14.1,11.41,3,62
2025-03-04,76,54,14,CLR,16.1,11.44,3,63
2025-03-05,71,42,15,CLR,8.0,11.47,3,64
2025-03-06,74,37,14,SCT,13.8,11.5,3,65
2025-03-07,82,60,15,FEW,7.6,11.53,3,66
2025-03-08,81,48,11,FEW,13.2,11.56,3,67
2025-03-09,63,45,16,SCT,13.0,11.59,3,68
2025-03-10,78,35,16,CLR,7.6,11.63,3,69
2025-03-11,82,36,16,CLR,10.9,11.66,3,70
2025-03-12,88,56,16,FEW,13.0,11.69,3,71
2025-03-13,91,49,16,BKN,6.4,11.72,3,72
2025-03-14,97,66,16,FEW,9.8,11.75,3,73
2025-03-15,77,61,14,BKN,13.0,11.78,3,74
2025-03-16,80,37,15,CLR,6.3,11.81,3,75
2025-03-17,84,35,15,FEW,13.2,11.84,3,76
2025-03-18,85,52,15,SCT,18.2,11.87,3,77
2025-03-19,79,55,15,FEW,12.3,11.91,3,78
2025-03-20,70,45,16,CLR,9.2,11.94,3,79
2025-03-21,79,34,16,CLR,12.1,11.97,3,80
2025-03-22,84,49,15,FEW,12.9,12.0,3,81
2025-03-23,88,61,16,BKN,9.2,12.03,3,82
2025-03-24,83,58,17,CLR,5.0,12.06,3,83
2025-03-25,89,58,16,CLR,7.0,12.09,3,84
2025-03-26,81,63,13,BKN,9.1,12.13,3,85
2025-03-27,68,63,17,OVC,7.7,12.16,3,86
2025-03-28,71,63,14,OVC,4.6,12.19,3,87
2025-03-29,85,65,14,BKN,9.4,12.22,3,88
2025-03-30,77,67,17,OVC,5.1,12.25,3,89
2025-03-31,77,61,15,FEW,11.1,12.28,3,90
2025-04-01,83,59,16,OVC,11.8,12.31,4,91
2025-04-02,85,73,15,BKN,6.7,12.34,4,92
2025-04-03,89,71,15,BKN,7.2,12.37,4,93
2025-04-04,88,62,15,BKN,11.4,12.41,4,94
2025-04-05,64,52,14,OVC,14.4,12.44,4,95
2025-04-06,59,45,17,OVC,14.8,12.47,4,96
2025-04-07,72,39,16,CLR,9.6,12.5,4,97
2025-04-08,78,38,16,CLR,3.5,12.53,4,98
2025-04-09,85,47,16,CLR,13.8,12.56,4,99
2025-04-10,89,48,16,CLR,7.5,12.59,4,100
2025-04-11,88,54,15,CLR,7.3,12.62,4,101
2025-04-12,88,53,15,CLR,10.4,12.65,4,102
2025-04-13,91,62,15,CLR,16.5,12.68,4,103
2025-04-14,90,64,16,FEW,9.8,12.71,4,104
2025-04-15,82,64,15,OVC,9.2,12.74,4,105
2025-04-16,85,58,16,BKN,12.2,12.77,4,106
2025-04-17,88,68,15,BKN,15.1,12.8,4,107
2025-04-18,91,68,13,BKN,17.2,12.83,4,108
2025-04-19,84,70,16,BKN,14.7,12.86,4,109
2025-04-20,87,61,15,FEW,5.9,12.88,4,110
2025-04-21,88,50,15,FEW,6.8,12.91,4,111
2025-04-22,88,61,16,BKN,7.3,12.94,4,112
2025-04-23,84,67,13,BKN,8.3,12.97,4,113
2025-04-24,87,66,15,BKN,11.2,13.0,4,114
2025-04-25,86,66,15,BKN,7.8,13.03,4,115
2025-04-26,85,67,13,SCT,10.3,13.05,4,116
2025-04-27,84,69,14,OVC,12.0,13.08,4,117
2025-04-28,86,72,17,SCT,14.2,13.11,4,118
2025-04-29,87,73,16,BKN,14.2,13.13,4,119
2025-04-30,87,73,16,BKN,17.4,13.16,4,120
2025-05-01,91,66,15,BKN,12.8,13.19,5,121
2025-05-02,87,62,15,OVC,9.1,13.21,5,122
2025-05-03,80,53,14,FEW,13.2,13.24,5,123
2025-05-04,83,52,15,FEW,8.0,13.27,5,124
2025-05-05,74,57,10,OVC,10.4,13.29,5,125
2025-05-06,89,64,17,OVC,10.0,13.32,5,126
2025-05-07,81,63,15,FEW,8.9,13.34,5,127
2025-05-08,84,61,13,FEW,10.8,13.36,5,128
2025-05-09,81,64,14,SCT,12.4,13.39,5,129
2025-05-10,81,63,12,FEW,7.8,13.41,5,130
2025-05-11,83,59,16,FEW,10.7,13.43,5,131
2025-05-12,91,53,15,SCT,3.4,13.46,5,132
2025-05-13,100,57,16,SCT,14.9,13.48,5,133
2025-05-14,99,71,15,SCT,11.1,13.5,5,134
2025-05-15,97,71,16,BKN,8.2,13.52,5,135
2025-05-16,96,77,15,BKN,12.7,13.54,5,136
2025-05-17,96,79,14,BKN,11.0,13.56,5,137
2025-05-18,91,77,14,BKN,14.7,13.58,5,138
2025-05-19,87,78,16,BKN,13.8,13.6,5,139
2025-05-20,95,75,13,SCT,9.5,13.62,5,140
2025-05-21,94,66,14,SCT,7.0,13.64,5,141
2025-05-22,98,75,14,SCT,9.1,13.66,5,142
2025-05-23,95,68,14,SCT,7.5,13.68,5,143
2025-05-24,97,77,15,SCT,13.7,13.7,5,144
2025-05-25,96,77,15,SCT,14.3,13.71,5,145
2025-05-26,89,68,14,BKN,12.9,13.73,5,146
2025-05-27,91,66,16,SCT,5.6,13.75,5,147
2025-05-28,87,70,15,SCT,9.2,13.76,5,148
2025-05-29,90,67,16,OVC,5.2,13.78,5,149
2025-05-30,84,69,14,BKN,8.2,13.79,5,150
2025-05-31,87,69,15,SCT,4.3,13.8,5,151
2025-06-01,95,70,15,FEW,8.3,13.82,6,152
2025-06-02,93,73,14,SCT,9.7,13.83,6,153
2025-06-03,93,78,15,BKN,11.5,13.84,6,154
2025-06-04,91,74,14,BKN,6.9,13.85,6,155
2025-06-05,93,73,14,SCT,8.0,13.86,6,156
2025-06-06,95,77,15,SCT,10.8,13.87,6,157
2025-06-07,95,78,16,BKN,10.5,13.88,6,158
2025-06-08,96,76,16,FEW,10.3,13.89,6,159
2025-06-09,98,69,15,FEW,9.8,13.9,6,160
2025-06-10,92,76,16,SCT,8.5,13.91,6,161
2025-06-11,89,71,16,SCT,5.8,13.92,6,162
2025-06-12,80,69,18,BKN,5.5,13.92,6,163
2025-06-13,95,66,16,SCT,7.8,13.93,6,164
2025-06-14,93,72,13,FEW,11.0,13.93,6,165
2025-06-15,96,71,14,OVC,10.2,13.94,6,166
2025-06-16,92,70,14,SCT,10.0,13.94,6,167
2025-06-18,93,79,13,FEW,15.3,13.95,6,169
2025-06-19,95,77,15,SCT,10.8,13.95,6,170
2025-06-20,95,77,16,SCT,10.9,13.95,6,171
2025-06-21,94,76,14,SCT,15.2,13.95,6,172
2025-06-22,95,74,15,FEW,13.4,13.95,6,173
2025-06-23,96,76,16,SCT,11.5,13.95,6,174
2025-06-24,94,71,14,SCT,5.2,13.95,6,175
2025-06-25,93,73,15,BKN,6.5,13.94,6,176
2025-06-26,93,74,14,BKN,4.9,13.94,6,177
2025-06-27,95,73,17,SCT,8.2,13.94,6,178
2025-06-28,94,74,15,SCT,8.0,13.93,6,179
2025-06-29,96,72,15,BKN,8.5,13.93,6,180
2025-06-30,94,73,16,SCT,10.3,13.92,6,181
2025-07-01,92,71,14,SCT,5.5,13.92,7,182
2025-07-02,93,74,14,BKN,6.2,13.91,7,183
2025-07-03,84,77,13,BKN,7.9,13.9,7,184
2025-07-04,84,77,17,BKN,5.8,13.9,7,185
2025-07-05,78,74,0,BKN,7.7,13.89,7,186
2025-07-06,90,73,14,BKN,9.4,13.88,7,187
2025-07-07,91,77,17,BKN,7.5,13.87,7,188
2025-07-08,93,73,14,SCT,11.0,13.86,7,189
2025-07-09,88,72,11,BKN,7.7,13.85,7,190
2025-07-10,92,68,15,SCT,12.1,13.84,7,191
2025-07-11,91,73,14,BKN,12.0,13.82,7,192
2025-07-12,93,77,14,SCT,13.2,13.81,7,193
2025-07-13,86,72,11,BKN,6.7,13.8,7,194
2025-07-14,93,73,15,SCT,8.3,13.78,7,195
2025-07-15,93,74,15,SCT,10.5,13.77,7,196
2025-07-16,94,78,15,SCT,11.2,13.75,7,197
2025-07-17,95,73,16,SCT,8.2,13.74,7,198
2025-07-18,94,70,14,SCT,9.1,13.72,7,199
2025-07-19,93,78,16,BKN,8.9,13.71,7,200
2025-07-20,91,78,15,BKN,11.1,13.69,7,201
2025-07-21,93,76,13,BKN,10.6,13.67,7,202
2025-07-22,96,76,15,SCT,10.9,13.65,7,203
2025-07-23,98,75,16,FEW,11.3,13.63,7,204
2025-07-24,99,74,16,FEW,6.8,13.61,7,205
2025-07-25,88,70,12,BKN,4.0,13.59,7,206
2025-07-26,94,75,13,BKN,11.5,13.57,7,207
2025-07-27,96,77,14,BKN,9.3,13.55,7,208
2025-07-28,96,75,17,SCT,6.8,13.53,7,209
2025-07-29,99,72,15,CLR,3.8,13.51,7,210
2025-07-30,100,64,15,SCT,5.6,13.49,7,211
2025-07-31,101,69,14,FEW,4.8,13.47,7,212
2025-08-01,101,73,16,FEW,6.1,13.45,8,213
2025-08-02,98,76,14,BKN,5.8,13.42,8,214
2025-08-03,98,70,16,FEW,3.7,13.4,8,215
2025-08-04,91,76,17,BKN,6.9,13.38,8,216
2025-08-05,95,70,15,FEW,5.8,13.35,8,217
2025-08-06,99,72,16,SCT,6.2,13.33,8,218
2025-08-07,99,74,16,SCT,8.1,13.3,8,219
2025-08-08,100,74,15,FEW,8.6,13.28,8,220
2025-08-09,99,73,16,FEW,7.2,13.25,8,221
2025-08-10,98,74,15,FEW,6.5,13.23,8,222
2025-08-11,98,73,15,SCT,5.2,13.2,8,223
2025-08-12,96,74,13,SCT,4.4,13.17,8,224
2025-08-13,95,76,12,FEW,5.8,13.15,8,225
2025-08-14,99,76,15,FEW,9.2,13.12,8,226
2025-08-15,95,76,12,SCT,9.8,13.09,8,227
2025-08-16,99,74,16,SCT,10.2,13.07,8,228
2025-08-17,99,74,15,BKN,8.8,13.04,8,229
2025-08-18,101,74,16,SCT,4.8,13.01,8,230
2025-08-19,93,75,12,BKN,5.5,12.98,8,231
2025-08-20,97,71,14,FEW,9.5,12.96,8,232
2025-08-21,93,72,12,SCT,5.7,12.93,8,233
2025-08-22,94,73,16,SCT,8.4,12.9,8,234
2025-08-23,94,71,14,FEW,8.2,12.87,8,235
2025-08-24,98,71,15,SCT,5.1,12.84,8,236
2025-08-25,97,71,15,SCT,4.4,12.81,8,237
2025-08-26,98,70,16,SCT,4.9,12.78,8,238
2025-08-27,95,74,14,BKN,5.3,12.75,8,239
2025-08-28,99,76,16,FEW,10.5,12.72,8,240
2025-08-29,98,77,14,FEW,7.2,12.69,8,241
2025-08-30,99,74,16,FEW,7.8,12.66,8,242
2025-08-31,88,76,10,BKN,8.2,12.63,8,243
2025-09-01,94,70,15,BKN,4.0,12.6,9,244
2025-09-02,97,69,14,SCT,8.4,12.57,9,245
2025-09-03,98,68,15,FEW,8.3,12.54,9,246
2025-09-04,102,64,15,FEW,4.6,12.51,9,247
2025-09-05,99,71,15,SCT,9.2,12.48,9,248
2025-09-06,89,74,12,BKN,8.7,12.45,9,249
2025-09-07,76,71,13,OVC,6.0,12.42,9,250
2025-09-08,90,66,15,FEW,7.0,12.39,9,251
2025-09-09,92,60,15,CLR,4.6,12.36,9,252
2025-09-10,96,60,17,CLR,4.0,12.33,9,253
2025-09-11,96,62,15,FEW,5.6,12.3,9,254
2025-09-12,95,67,14,FEW,6.7,12.27,9,255
2025-09-13,95,66,16,SCT,7.8,12.23,9,256
2025-09-14,95,66,15,FEW,6.6,12.2,9,257
2025-09-15,96,68,16,SCT,6.0,12.17,9,258
2025-09-16,95,66,15,SCT,6.1,12.14,9,259
2025-09-17,95,67,15,BKN,5.0,12.11,9,260
2025-09-18,94,69,14,SCT,5.3,12.08,9,261
2025-09-19,95,70,16,FEW,5.3,12.05,9,262
2025-09-20,94,66,14,FEW,5.1,12.02,9,263
2025-09-21,98,72,15,SCT,8.3,11.98,9,264
2025-09-22,98,74,15,BKN,9.2,11.95,9,265
2025-09-23,100,78,15,SCT,10.0,11.92,9,266
2025-09-24,92,73,14,BKN,10.1,11.89,9,267
2025-09-25,91,72,15,SCT,8.6,11.86,9,268
2025-09-26,91,60,15,FEW,4.1,11.83,9,269
2025-09-27,92,60,14,FEW,4.0,11.8,9,270
2025-09-28,91,60,16,FEW,5.5,11.77,9,271
2025-09-29,88,60,15,SCT,3.8,11.73,9,272
2025-09-30,94,64,14,SCT,4.7,11.7,9,273
2025-10-01,95,62,15,FEW,3.5,11.67,10,274
2025-10-02,95,62,15,FEW,3.8,11.64,10,275
2025-10-03,94,65,14,SCT,6.2,11.61,10,276
2025-10-04,91,65,14,FEW,6.8,11.58,10,277
2025-10-05,92,63,17,FEW,5.0,11.55,10,278
2025-10-06,93,66,14,SCT,5.3,11.52,10,279
2025-10-07,92,75,13,BKN,3.4,11.49,10,280
2025-10-08,95,70,15,SCT,11.3,11.46,10,281
2025-10-09,92,74,15,FEW,7.5,11.43,10,282
2025-10-10,91,64,15,FEW,5.2,11.4,10,283
2025-10-11,92,57,15,FEW,4.8,11.37,10,284
2025-10-12,92,58,16,FEW,8.5,11.34,10,285
2025-10-13,90,59,15,FEW,5.8,11.31,10,286
2025-10-14,90,59,15,CLR,5.4,11.28,10,287
2025-10-15,92,60,15,CLR,6.2,11.25,10,288
2025-10-16,87,58,15,BKN,6.1,11.22,10,289
2025-10-17,91,61,16,SCT,8.3,11.19,10,290
2025-10-18,94,73,15,FEW,9.1,11.16,10,291
2025-10-19,85,58,14,CLR,12.6,11.13,10,292
2025-10-20,94,54,15,SCT,11.4,11.1,10,293
2025-10-21,89,73,15,SCT,8.6,11.07,10,294
2025-10-22,87,59,15,SCT,6.5,11.04,10,295
2025-10-23,91,67,15,SCT,8.2,11.02,10,296
2025-10-24,90,68,15,BKN,11.6,10.99,10,297
2025-10-25,77,61,17,BKN,3.6,10.96,10,298
2025-10-26,82,61,16,FEW,4.3,10.93,10,299
2025-10-27,89,58,15,FEW,9.1,10.91,10,300
2025-10-28,88,64,13,SCT,13.4,10.88,10,301
2025-10-29,68,53,14,CLR,15.4,10.85,10,302
2025-10-30,72,44,15,CLR,3.6,10.83,10,303
2025-10-31,75,38,15,CLR,3.5,10.8,10,304
2025-11-01,71,43,12,OVC,8.1,10.77,11,305
2025-11-02,74,46,15,CLR,2.9,10.75,11,306
2025-11-03,78,42,14,CLR,4.8,10.72,11,307
2025-11-04,80,45,14,CLR,7.2,10.7,11,308
2025-11-05,83,48,14,CLR,6.8,10.67,11,309
2025-11-06,84,52,14,CLR,7.7,10.65,11,310
2025-11-07,90,61,14,CLR,9.2,10.62,11,311
2025-11-08,85,55,14,CLR,3.2,10.6,11,312
2025-11-09,71,51,13,FEW,17.5,10.58,11,313
2025-11-10,60,37,15,CLR,4.6,10.55,11,314
2025-11-11,74,33,14,CLR,11.9,10.53,11,315
2025-11-12,82,45,13,CLR,9.7,10.51,11,316
2025-11-13,85,51,14,FEW,10.1,10.49,11,317
2025-11-14,85,65,14,CLR,10.8,10.47,11,318
2025-11-15,84,65,14,CLR,9.0,10.45,11,319
2025-11-16,86,67,14,CLR,6.8,10.43,11,320
2025-11-17,88,71,14,BKN,10.4,10.41,11,321
2025-11-18,85,71,14,BKN,8.1,10.39,11,322
2025-11-19,86,72,14,BKN,8.8,10.37,11,323
2025-11-20,83,66,12,BKN,10.2,10.35,11,324
2025-11-21,77,64,11,OVC,3.4,10.33,11,325
2025-11-22,76,56,14,FEW,9.2,10.31,11,326
2025-11-23,70,55,14,OVC,5.0,10.29,11,327
2025-11-24,77,53,11,BKN,5.8,10.28,11,328
2025-11-25,81,48,14,CLR,5.0,10.26,11,329
2025-11-26,66,49,14,FEW,11.9,10.25,11,330
2025-11-27,64,44,14,OVC,5.2,10.23,11,331
2025-11-28,68,44,12,OVC,13.6,10.22,11,332
2025-11-29,81,60,14,OVC,7.3,10.2,11,333
2025-11-30,57,45,0,OVC,17.3,10.19,11,334
2025-12-01,44,41,0,OVC,9.8,10.18,12,335
2025-12-02,54,35,15,SCT,5.5,10.16,12,336
2025-12-03,56,35,12,OVC,4.1,10.15,12,337
2025-12-04,54,45,0,OVC,13.5,10.14,12,338
2025-12-05,52,43,15,OVC,4.8,10.13,12,339
2025-12-06,77,42,14,FEW,5.4,10.12,12,340
2025-12-07,73,47,12,FEW,11.5,10.11,12,341
2025-12-08,60,35,15,CLR,6.1,10.1,12,342
2025-12-09,69,28,15,CLR,8.3,10.1,12,343
2025-12-10,72,43,12,FEW,12.8,10.09,12,344
2025-12-11,70,34,14,FEW,6.3,10.08,12,345
2025-12-12,76,43,15,OVC,5.6,10.08,12,346
2025-12-13,77,59,15,FEW,3.7,10.07,12,347
2025-12-14,65,34,0,OVC,16.8,10.07,12,348
2025-12-16,63,36,14,OVC,4.8,10.06,12,350
2025-12-17,66,58,16,OVC,2.5,10.06,12,351
2025-12-18,76,51,12,CLR,12.2,10.05,12,352
2025-12-19,69,37,15,CLR,6.8,10.05,12,353
2025-12-20,74,48,15,CLR,11.5,10.05,12,354
2025-12-21,71,51,13,CLR,6.2,10.05,12,355
2025-12-22,77,59,15,OVC,3.0,10.05,12,356
2025-12-23,79,65,15,BKN,7.9,10.05,12,357
2025-12-24,80,57,14,BKN,5.2,10.05,12,358
2025-12-25,77,58,15,OVC,7.2,10.06,12,359
2025-12-26,84,65,14,SCT,8.5,10.06,12,360
2025-12-27,81,67,14,OVC,10.2,10.06,12,361
2025-12-28,78,53,14,OVC,5.3,10.07,12,362
2025-12-29,53,42,0,OVC,14.8,10.07,12,363
2025-12-30,58,36,14,FEW,6.5,10.08,12,364
2025-12-31,71,30,14,SCT,6.5,10.08,12,365
2026-01-01,73,34,12,BKN,9.9,10.09,1,1
2026-01-02,89,51,14,FEW,7.7,10.1,1,2
2026-01-03,76,51,14,CLR,12.4,10.11,1,3
2026-01-04,71,40,14,FEW,5.8,10.12,1,4
2026-01-05,76,53,14,OVC,6.2,10.13,1,5
2026-01-06,83,51,14,FEW,2.5,10.14,1,6
2026-01-07,80,46,14,BKN,8.6,10.15,1,7
2026-01-08,79,61,14,BKN,10.1,10.16,1,8
2026-01-09,72,55,15,OVC,5.2,10.17,1,9
2026-01-10,60,43,1,BKN,16.1,10.18,1,10
2026-01-11,63,39,13,OVC,5.4,10.2,1,11
2026-01-12,63,36,14,BKN,1.8,10.21,1,12
2026-01-13,60,46,14,OVC,5.6,10.22,1,13
2026-01-14,69,38,12,FEW,18.2,10.24,1,14
2026-01-15,66,32,15,CLR,6.0,10.25,1,15
2026-01-16,76,39,13,FEW,13.8,10.27,1,16
2026-01-17,55,31,12,CLR,16.9,10.29,1,17
2026-01-18,64,27,15,CLR,6.8,10.3,1,18
2026-01-19,68,30,15,FEW,6.8,10.32,1,19
2026-01-20,60,39,19,OVC,5.2,10.34,1,20
2026-01-21,75,56,14,BKN,4.2,10.36,1,21
2026-01-22,69,53,15,OVC,6.2,10.38,1,22
2026-01-23,67,46,15,OVC,6.3,10.4,1,23
2026-01-24,44,25,0,OVC,15.8,10.42,1,24
2026-01-25,29,21,1,OVC,12.9,10.44,1,25
2026-01-26,37,19,15,CLR,9.0,10.46,1,26
2026-01-27,50,17,15,BKN,7.1,10.48,1,27
2026-01-28,57,22,14,SCT,4.3,10.5,1,28
2026-01-29,72,28,15,BKN,9.2,10.52,1,29
2026-01-30,55,32,15,OVC,8.2,10.54,1,30
2026-01-31,44,25,14,CLR,12.9,10.57,1,31
2026-02-01,57,20,15,FEW,5.8,10.59,2,32
2026-02-02,68,28,14,BKN,10.6,10.61,2,33
2026-02-03,72,52,15,OVC,7.6,10.64,2,34
2026-02-04,64,42,13,CLR,13.2,10.66,2,35
2026-02-05,69,37,15,CLR,3.4,10.68,2,36
2026-02-06,82,37,15,CLR,4.1,10.71,2,37
2026-02-07,84,38,15,FEW,5.4,10.73,2,38
2026-02-08,80,41,15,BKN,8.8,10.76,2,39
2026-02-09,85,42,15,FEW,9.5,10.79,2,40
2026-02-10,69,60,14,BKN,7.1,10.81,2,41
2026-02-11,75,49,15,CLR,6.9,10.84,2,42
2026-02-12,81,46,15,SCT,4.8,10.87,2,43
2026-02-13,81,53,13,BKN,11.4,10.89,2,44
2026-02-14,74,54,12,OVC,8.0,10.92,2,45
2026-02-15,74,49,15,FEW,10.0,10.95,2,46
2026-02-16,77,41,14,CLR,6.7,10.97,2,47
2026-02-17,84,56,15,BKN,14.5,11.0,2,48
2026-02-18,77,64,15,BKN,7.2,11.03,2,49
2026-02-19,85,61,15,FEW,4.5,11.06,2,50
2026-02-20,67,54,15,OVC,10.5,11.09,2,51
2026-02-21,72,51,11,BKN,17.2,11.12,2,52
2026-02-22,62,43,13,BKN,13.5,11.14,2,53
2026-02-23,66,31,16,FEW,4.1,11.17,2,54
2026-02-24,75,29,15,BKN,16.4,11.2,2,55
2026-02-25,87,56,15,BKN,12.8,11.23,2,56
2026-02-26,85,48,12,FEW,9.8,11.26,2,57
2026-02-27,87,53,15,CLR,5.6,11.29,2,58
2026-02-28,87,50,15,FEW,11.7,11.32,2,59
2026-03-01,85,66,14,FEW,14.6,11.35,3,60
2026-03-02,85,64,15,FEW,11.2,11.38,3,61
2026-03-03,88,66,14,SCT,15.0,11.41,3,62
2026-03-04,87,72,13,BKN,15.2,11.44,3,63
2026-03-05,87,71,15,BKN,17.6,11.47,3,64
2026-03-06,84,71,12,BKN,16.8,11.5,3,65
2026-03-07,77,53,10,BKN,13.2,11.53,3,66
2026-03-08,67,54,17,OVC,7.4,11.56,3,67
2026-03-09,78,62,14,BKN,4.0,11.59,3,68
2026-03-10,84,72,13,BKN,13.4,11.63,3,69
2026-03-11,81,62,15,SCT,7.4,11.66,3,70
2026-03-12,66,45,16,CLR,8.8,11.69,3,71
2026-03-13,81,37,16,CLR,12.0,11.72,3,72
2026-03-14,85,54,16,OVC,11.2,11.75,3,73
2026-03-15,97,55,16,FEW,15.4,11.78,3,74
2026-03-16,54,38,14,OVC,15.8,11.81,3,75
2026-03-17,67,31,16,SCT,9.4,11.84,3,76
2026-03-18,77,37,16,SCT,10.2,11.87,3,77
2026-03-19,85,44,16,FEW,9.3,11.91,3,78
2026-03-20,90,56,16,CLR,12.1,11.94,3,79
