date,daily_high
2016-01-01,49.0
2016-01-02,48.0
2016-01-03,61.0
2016-01-04,57.0
2016-01-05,57.0
2016-01-06,53.0
2016-01-07,71.0
2016-01-08,65.0
2016-01-09,59.0
2016-01-10,49.0
2016-01-11,55.0
2016-01-12,65.0
2016-01-13,65.0
2016-01-14,70.0
2016-01-15,69.0
2016-01-16,64.0
2016-01-17,56.0
2016-01-18,57.0
2016-01-19,69.0
2016-01-20,55.0
2016-01-21,65.0
2016-01-22,54.0
2016-01-23,58.0
2016-01-24,69.0
2016-01-25,72.0
2016-01-26,56.0
2016-01-27,58.0
2016-01-28,72.0
2016-01-29,74.0
2016-01-30,77.0
2016-01-31,80.0
2016-02-01,78.0
2016-02-02,71.0
2016-02-03,58.0
2016-02-04,57.0
2016-02-05,60.0
2016-02-06,60.0
2016-02-07,66.0
2016-02-08,64.0
2016-02-09,72.0
2016-02-10,73.0
2016-02-11,80.0
2016-02-12,78.0
2016-02-13,74.0
2016-02-14,75.0
2016-02-15,74.0
2016-02-16,81.0
2016-02-17,75.0
2016-02-18,79.0
2016-02-19,81.0
2016-02-20,76.0
2016-02-21,72.0
2016-02-22,70.0
2016-02-23,61.0
2016-02-24,65.0
2016-02-25,69.0
2016-02-26,63.0
2016-02-27,71.0
2016-02-28,76.0
2016-02-29,78.0
2016-03-01,81.0
2016-03-02,75.0
2016-03-03,82.0
2016-03-04,75.0
2016-03-05,77.0
2016-03-06,76.0
2016-03-07,77.0
2016-03-08,82.0
2016-03-09,70.0
2016-03-10,65.0
2016-03-11,72.0
2016-03-12,73.0
2016-03-13,84.0
2016-03-14,88.0
2016-03-15,85.0
2016-03-16,78.0
2016-03-17,79.0
2016-03-18,78.0
2016-03-19,62.0
2016-03-20,62.0
2016-03-21,66.0
2016-03-22,77.0
2016-03-23,79.0
2016-03-24,69.0
2016-03-25,73.0
2016-03-26,73.0
2016-03-27,73.0
2016-03-28,73.0
2016-03-29,70.0
2016-03-30,76.0
2016-03-31,85.0
2016-04-01,63.0
2016-04-02,73.0
2016-04-03,76.0
2016-04-04,81.0
2016-04-05,80.0
2016-04-06,80.0
2016-04-07,83.0
2016-04-08,80.0
2016-04-09,77.0
2016-04-10,79.0
2016-04-11,86.0
2016-04-12,70.0
2016-04-13,71.0
2016-04-14,74.0
2016-04-15,78.0
2016-04-16,74.0
2016-04-17,77.0
2016-04-18,73.0
2016-04-19,79.0
2016-04-20,79.0
2016-04-21,81.0
2016-04-22,81.0
2016-04-23,81.0
2016-04-24,77.0
2016-04-25,87.0
2016-04-26,85.0
2016-04-27,89.0
2016-04-28,86.0
2016-04-29,84.0
2016-04-30,83.0
2016-05-01,77.0
2016-05-02,68.0
2016-05-03,76.0
2016-05-04,85.0
2016-05-05,85.0
2016-05-06,84.0
2016-05-07,85.0
2016-05-08,73.0
2016-05-09,87.0
2016-05-10,90.0
2016-05-11,86.0
2016-05-12,84.0
2016-05-13,87.0
2016-05-14,81.0
2016-05-15,73.0
2016-05-16,80.0
2016-05-17,81.0
2016-05-18,78.0
2016-05-19,74.0
2016-05-20,81.0
2016-05-21,83.0
2016-05-22,88.0
2016-05-23,84.0
2016-05-24,87.0
2016-05-25,86.0
2016-05-26,88.0
2016-05-27,76.0
2016-05-28,90.0
2016-05-29,89.0
2016-05-30,87.0
2016-05-31,83.0
2016-06-01,87.0
2016-06-02,83.0
2016-06-03,85.0
2016-06-04,85.0
2016-06-05,88.0
2016-06-06,89.0
2016-06-07,91.0
2016-06-08,92.0
2016-06-09,91.0
2016-06-10,92.0
2016-06-11,93.0
2016-06-12,93.0
2016-06-13,94.0
2016-06-14,93.0
2016-06-15,96.0
2016-06-16,95.0
2016-06-17,95.0
2016-06-18,95.0
2016-06-19,92.0
2016-06-20,94.0
2016-06-21,94.0
2016-06-22,94.0
2016-06-23,93.0
2016-06-24,93.0
2016-06-25,86.0
2016-06-26,94.0
2016-06-27,95.0
2016-06-28,98.0
2016-06-29,94.0
2016-06-30,94.0
2016-07-01,95.0
2016-07-02,96.0
2016-07-03,97.0
2016-07-04,98.0
2016-07-05,98.0
2016-07-06,98.0
2016-07-07,98.0
2016-07-08,98.0
2016-07-09,98.0
2016-07-10,96.0
2016-07-11,98.0
2016-07-12,98.0
2016-07-13,98.0
2016-07-14,99.0
2016-07-15,99.0
2016-07-16,97.0
2016-07-17,97.0
2016-07-18,96.0
2016-07-19,97.0
2016-07-20,99.0
2016-07-21,99.0
2016-07-22,100.0
2016-07-23,100.0
2016-07-24,99.0
2016-07-25,100.0
2016-07-26,90.0
2016-07-27,91.0
2016-07-28,95.0
2016-07-29,94.0
2016-07-30,95.0
2016-07-31,96.0
2016-08-01,97.0
2016-08-02,96.0
2016-08-03,96.0
2016-08-04,96.0
2016-08-05,97.0
2016-08-06,97.0
2016-08-07,97.0
2016-08-08,98.0
2016-08-09,98.0
2016-08-10,99.0
2016-08-11,99.0
2016-08-12,101.0
2016-08-13,91.0
2016-08-14,86.0
2016-08-15,78.0
2016-08-16,80.0
2016-08-17,83.0
2016-08-18,87.0
2016-08-19,93.0
2016-08-20,83.0
2016-08-21,81.0
2016-08-22,92.0
2016-08-23,93.0
2016-08-24,92.0
2016-08-25,92.0
2016-08-26,92.0
2016-08-27,91.0
2016-08-28,91.0
2016-08-29,90.0
2016-08-30,90.0
2016-08-31,93.0
2016-09-01,93.0
2016-09-02,90.0
2016-09-03,90.0
2016-09-04,91.0
2016-09-05,90.0
2016-09-06,92.0
2016-09-07,93.0
2016-09-08,92.0
2016-09-09,92.0
2016-09-10,91.0
2016-09-11,90.0
2016-09-12,91.0
2016-09-13,92.0
2016-09-14,91.0
2016-09-15,92.0
2016-09-16,93.0
2016-09-17,95.0
2016-09-18,96.0
2016-09-19,96.0
2016-09-20,96.0
2016-09-21,93.0
2016-09-22,93.0
2016-09-23,91.0
2016-09-24,92.0
2016-09-25,83.0
2016-09-26,75.0
2016-09-27,79.0
2016-09-28,88.0
2016-09-29,86.0
2016-09-30,80.0
2016-10-01,80.0
2016-10-02,85.0
2016-10-03,87.0
2016-10-04,91.0
2016-10-05,91.0
2016-10-06,91.0
2016-10-07,88.0
2016-10-08,84.0
2016-10-09,82.0
2016-10-10,82.0
2016-10-11,87.0
2016-10-12,90.0
2016-10-13,88.0
2016-10-14,86.0
2016-10-15,91.0
2016-10-16,91.0
2016-10-17,93.0
2016-10-18,91.0
2016-10-19,90.0
2016-10-20,83.0
2016-10-21,75.0
2016-10-22,79.0
2016-10-23,84.0
2016-10-24,85.0
2016-10-25,84.0
2016-10-26,86.0
2016-10-27,87.0
2016-10-28,85.0
2016-10-29,85.0
2016-10-30,87.0
2016-10-31,83.0
2016-11-01,90.0
2016-11-02,87.0
2016-11-03,83.0
2016-11-04,73.0
2016-11-05,76.0
2016-11-06,77.0
2016-11-07,74.0
2016-11-08,70.0
2016-11-09,66.0
2016-11-10,70.0
2016-11-11,74.0
2016-11-12,75.0
2016-11-13,75.0
2016-11-14,81.0
2016-11-15,86.0
2016-11-16,86.0
2016-11-17,83.0
2016-11-18,80.0
2016-11-19,62.0
2016-11-20,67.0
2016-11-21,77.0
2016-11-22,78.0
2016-11-23,72.0
2016-11-24,77.0
2016-11-25,65.0
2016-11-26,70.0
2016-11-27,76.0
2016-11-28,80.0
2016-11-29,80.0
2016-11-30,66.0
2016-12-01,68.0
2016-12-02,65.0
2016-12-03,52.0
2016-12-04,53.0
2016-12-05,53.0
2016-12-06,60.0
2016-12-07,55.0
2016-12-08,52.0
2016-12-09,46.0
2016-12-10,54.0
2016-12-11,65.0
2016-12-12,65.0
2016-12-13,78.0
2016-12-14,58.0
2016-12-15,55.0
2016-12-16,66.0
2016-12-17,78.0
2016-12-18,37.0
2016-12-19,44.0
2016-12-20,59.0
2016-12-21,70.0
2016-12-22,67.0
2016-12-23,72.0
2016-12-24,77.0
2016-12-25,82.0
2016-12-26,85.0
2016-12-27,75.0
2016-12-28,84.0
2016-12-29,70.0
2016-12-30,56.0
2016-12-31,78.0
2017-01-01,76.0
2017-01-02,76.0
2017-01-03,77.0
2017-01-04,48.0
2017-01-05,64.0
2017-01-06,34.0
2017-01-07,43.0
2017-01-08,52.0
2017-01-09,73.0
2017-01-10,81.0
2017-01-11,80.0
2017-01-12,81.0
2017-01-13,80.0
2017-01-14,56.0
2017-01-15,75.0
2017-01-16,70.0
2017-01-17,59.0
2017-01-18,57.0
2017-01-19,69.0
2017-01-20,76.0
2017-01-21,82.0
2017-01-22,69.0
2017-01-23,75.0
2017-01-24,85.0
2017-01-25,69.0
2017-01-26,58.0
2017-01-27,57.0
2017-01-28,61.0
2017-01-29,70.0
2017-01-30,80.0
2017-01-31,77.0
2017-02-01,82.0
2017-02-02,66.0
2017-02-03,53.0
2017-02-04,53.0
2017-02-05,74.0
2017-02-06,79.0
2017-02-07,88.0
2017-02-08,86.0
2017-02-09,67.0
2017-02-10,79.0
2017-02-11,87.0
2017-02-12,84.0
2017-02-13,79.0
2017-02-14,68.0
2017-02-15,65.0
2017-02-16,69.0
2017-02-17,77.0
2017-02-18,86.0
2017-02-19,80.0
2017-02-20,71.0
2017-02-21,80.0
2017-02-22,85.0
2017-02-23,89.0
2017-02-24,81.0
2017-02-25,62.0
2017-02-26,73.0
2017-02-27,82.0
2017-02-28,81.0
2017-03-01,73.0
2017-03-02,65.0
2017-03-03,68.0
2017-03-04,60.0
2017-03-05,74.0
2017-03-06,82.0
2017-03-07,72.0
2017-03-08,75.0
2017-03-09,80.0
2017-03-10,81.0
2017-03-11,68.0
2017-03-12,60.0
2017-03-13,68.0
2017-03-14,72.0
2017-03-15,74.0
2017-03-16,79.0
2017-03-17,82.0
2017-03-18,83.0
2017-03-19,83.0
2017-03-20,85.0
2017-03-21,84.0
2017-03-22,83.0
2017-03-23,85.0
2017-03-24,83.0
2017-03-25,81.0
2017-03-26,86.0
2017-03-27,83.0
2017-03-28,88.0
2017-03-29,84.0
2017-03-30,80.0
2017-03-31,85.0
2017-04-01,79.0
2017-04-02,78.0
2017-04-03,86.0
2017-04-04,87.0
2017-04-05,74.0
2017-04-06,77.0
2017-04-07,79.0
2017-04-08,81.0
2017-04-09,81.0
2017-04-10,81.0
2017-04-11,73.0
2017-04-12,78.0
2017-04-13,83.0
2017-04-14,83.0
2017-04-15,83.0
2017-04-16,84.0
2017-04-17,78.0
2017-04-18,79.0
2017-04-19,85.0
2017-04-20,87.0
2017-04-21,88.0
2017-04-22,72.0
2017-04-23,76.0
2017-04-24,81.0
2017-04-25,90.0
2017-04-26,91.0
2017-04-27,84.0
2017-04-28,95.0
2017-04-29,92.0
2017-04-30,78.0
2017-05-01,89.0
2017-05-02,91.0
2017-05-03,93.0
2017-05-04,79.0
2017-05-05,85.0
2017-05-06,87.0
2017-05-07,87.0
2017-05-08,85.0
2017-05-09,80.0
2017-05-10,83.0
2017-05-11,89.0
2017-05-12,88.0
2017-05-13,88.0
2017-05-14,91.0
2017-05-15,91.0
2017-05-16,86.0
2017-05-17,86.0
2017-05-18,91.0
2017-05-19,95.0
2017-05-20,83.0
2017-05-21,78.0
2017-05-22,76.0
2017-05-23,86.0
2017-05-24,87.0
2017-05-25,94.0
2017-05-26,93.0
2017-05-27,97.0
2017-05-28,93.0
2017-05-29,87.0
2017-05-30,88.0
2017-05-31,85.0
2017-06-01,89.0
2017-06-02,92.0
2017-06-03,93.0
2017-06-04,89.0
2017-06-05,90.0
2017-06-06,90.0
2017-06-07,93.0
2017-06-08,92.0
2017-06-09,91.0
2017-06-10,92.0
2017-06-11,93.0
2017-06-12,94.0
2017-06-13,95.0
2017-06-14,95.0
2017-06-15,98.0
2017-06-16,98.0
2017-06-17,99.0
2017-06-18,98.0
2017-06-19,91.0
2017-06-20,96.0
2017-06-21,96.0
2017-06-22,99.0
2017-06-23,102.0
2017-06-24,84.0
2017-06-25,89.0
2017-06-26,91.0
2017-06-27,91.0
2017-06-28,93.0
2017-06-29,97.0
2017-06-30,98.0
2017-07-01,96.0
2017-07-02,98.0
2017-07-03,97.0
2017-07-04,99.0
2017-07-05,98.0
2017-07-06,98.0
2017-07-07,97.0
2017-07-08,97.0
2017-07-09,97.0
2017-07-10,97.0
2017-07-11,97.0
2017-07-12,96.0
2017-07-13,98.0
2017-07-14,99.0
2017-07-15,101.0
2017-07-16,96.0
2017-07-17,97.0
2017-07-18,98.0
2017-07-19,99.0
2017-07-20,101.0
2017-07-21,100.0
2017-07-22,100.0
2017-07-23,99.0
2017-07-24,99.0
2017-07-25,100.0
2017-07-26,101.0
2017-07-27,100.0
2017-07-28,102.0
2017-07-29,105.0
2017-07-30,104.0
2017-07-31,99.0
2017-08-01,98.0
2017-08-02,88.0
2017-08-03,94.0
2017-08-04,96.0
2017-08-05,101.0
2017-08-06,101.0
2017-08-07,85.0
2017-08-08,93.0
2017-08-09,96.0
2017-08-10,97.0
2017-08-11,98.0
2017-08-12,99.0
2017-08-13,99.0
2017-08-14,98.0
2017-08-15,98.0
2017-08-16,99.0
2017-08-17,99.0
2017-08-18,99.0
2017-08-19,99.0
2017-08-20,98.0
2017-08-21,96.0
2017-08-22,98.0
2017-08-23,98.0
2017-08-24,94.0
2017-08-25,90.0
2017-08-26,77.0
2017-08-27,75.0
2017-08-28,84.0
2017-08-29,88.0
2017-08-30,91.0
2017-08-31,92.0
2017-09-01,93.0
2017-09-02,93.0
2017-09-03,91.0
2017-09-04,91.0
2017-09-05,94.0
2017-09-06,86.0
2017-09-07,84.0
2017-09-08,85.0
2017-09-09,86.0
2017-09-10,87.0
2017-09-11,86.0
2017-09-12,92.0
2017-09-13,92.0
2017-09-14,94.0
2017-09-15,92.0
2017-09-16,92.0
2017-09-17,92.0
2017-09-18,94.0
2017-09-19,93.0
2017-09-20,94.0
2017-09-21,94.0
2017-09-22,91.0
2017-09-23,91.4
2017-09-24,91.0
2017-09-25,90.0
2017-09-26,83.0
2017-09-27,85.0
2017-09-28,86.0
2017-09-29,77.0
2017-09-30,86.0
2017-10-01,88.0
2017-10-02,89.0
2017-10-03,86.0
2017-10-04,88.0
2017-10-05,88.0
2017-10-06,87.0
2017-10-07,88.0
2017-10-08,90.0
2017-10-09,91.0
2017-10-10,77.0
2017-10-11,77.0
2017-10-12,86.0
2017-10-13,89.0
2017-10-14,89.0
2017-10-15,77.0
2017-10-16,75.0
2017-10-17,77.0
2017-10-18,81.0
2017-10-19,82.0
2017-10-20,82.0
2017-10-21,89.0
2017-10-22,77.0
2017-10-23,80.0
2017-10-24,77.0
2017-10-25,80.0
2017-10-26,82.0
2017-10-27,62.0
2017-10-28,62.0
2017-10-29,74.0
2017-10-30,79.0
2017-10-31,61.0
2017-11-01,77.0
2017-11-02,84.0
2017-11-03,87.0
2017-11-04,80.0
2017-11-05,88.0
2017-11-06,86.0
2017-11-07,81.0
2017-11-08,60.0
2017-11-09,56.0
2017-11-10,63.0
2017-11-11,74.0
2017-11-12,76.0
2017-11-13,77.0
2017-11-14,79.0
2017-11-15,73.0
2017-11-16,82.0
2017-11-17,84.0
2017-11-18,83.0
2017-11-19,64.0
2017-11-20,69.0
2017-11-21,74.0
2017-11-22,65.0
2017-11-23,69.0
2017-11-24,75.0
2017-11-25,80.0
2017-11-26,75.0
2017-11-27,75.0
2017-11-28,79.0
2017-11-29,72.0
2017-11-30,74.0
2017-12-01,75.0
2017-12-02,77.0
2017-12-03,73.0
2017-12-04,83.0
2017-12-05,71.0
2017-12-06,43.0
2017-12-07,46.0
2017-12-08,47.0
2017-12-09,67.0
2017-12-10,67.0
2017-12-11,77.0
2017-12-12,64.0
2017-12-13,62.0
2017-12-14,63.0
2017-12-15,59.0
2017-12-16,53.0
2017-12-17,57.0
2017-12-18,57.0
2017-12-19,72.0
2017-12-20,75.0
2017-12-21,78.0
2017-12-22,73.0
2017-12-23,55.0
2017-12-24,63.0
2017-12-25,55.0
2017-12-26,51.0
2017-12-27,40.0
2017-12-28,48.0
2017-12-29,49.0
2017-12-30,62.0
2017-12-31,43.0
2018-01-01,30.9
2018-01-02,32.0
2018-01-03,55.0
2018-01-04,54.0
2018-01-05,60.0
2018-01-06,64.0
2018-01-07,69.0
2018-01-08,69.0
2018-01-09,70.0
2018-01-10,70.0
2018-01-11,71.0
2018-01-12,56.0
2018-01-13,51.0
2018-01-14,61.0
2018-01-15,68.0
2018-01-16,37.0
2018-01-17,37.0
2018-01-18,44.0
2018-01-19,54.0
2018-01-20,63.0
2018-01-21,71.0
2018-01-22,64.0
2018-01-23,64.0
2018-01-24,64.0
2018-01-25,65.0
2018-01-26,68.0
2018-01-27,70.0
2018-01-28,70.0
2018-01-29,67.0
2018-01-30,66.0
2018-01-31,71.0
2018-02-01,72.0
2018-02-02,59.0
2018-02-03,56.0
2018-02-04,74.0
2018-02-05,55.0
2018-02-06,54.0
2018-02-07,47.0
2018-02-08,58.0
2018-02-09,62.0
2018-02-10,62.0
2018-02-11,41.0
2018-02-12,41.0
2018-02-13,46.0
2018-02-14,70.0
2018-02-15,76.0
2018-02-16,76.0
2018-02-17,60.0
2018-02-18,77.0
2018-02-19,80.0
2018-02-20,73.0
2018-02-21,71.0
2018-02-22,44.0
2018-02-23,63.0
2018-02-24,75.0
2018-02-25,62.0
2018-02-26,68.0
2018-02-27,81.0
2018-02-28,83.0
2018-03-01,70.0
2018-03-02,74.0
2018-03-03,72.0
2018-03-04,79.0
2018-03-05,83.0
2018-03-06,73.0
2018-03-07,66.0
2018-03-08,70.0
2018-03-09,72.0
2018-03-10,88.0
2018-03-11,70.0
2018-03-12,66.0
2018-03-13,70.0
2018-03-14,71.0
2018-03-15,73.0
2018-03-16,87.0
2018-03-17,83.0
2018-03-18,81.0
2018-03-19,83.0
2018-03-20,74.0
2018-03-21,78.0
2018-03-22,80.0
2018-03-23,80.0
2018-03-24,83.0
2018-03-25,76.0
2018-03-26,85.0
2018-03-27,82.0
2018-03-28,71.0
2018-03-29,83.0
2018-03-30,74.0
2018-03-31,83.0
2018-04-01,82.0
2018-04-02,85.0
2018-04-03,80.0
2018-04-04,70.0
2018-04-05,78.0
2018-04-06,85.0
2018-04-07,63.0
2018-04-08,64.0
2018-04-09,65.0
2018-04-10,74.0
2018-04-11,81.0
2018-04-12,85.0
2018-04-13,85.0
2018-04-14,70.0
2018-04-15,73.0
2018-04-16,82.0
2018-04-17,84.0
2018-04-18,81.0
2018-04-19,76.0
2018-04-20,67.0
2018-04-21,71.0
2018-04-22,76.0
2018-04-23,84.0
2018-04-24,85.0
2018-04-25,86.0
2018-04-26,76.0
2018-04-27,78.0
2018-04-28,83.0
2018-04-29,81.0
2018-04-30,77.0
2018-05-01,80.0
2018-05-02,86.0
2018-05-03,85.0
2018-05-04,74.0
2018-05-05,83.0
2018-05-06,87.0
2018-05-07,90.0
2018-05-08,88.0
2018-05-09,88.0
2018-05-10,88.0
2018-05-11,90.0
2018-05-12,92.0
2018-05-13,91.0
2018-05-14,90.0
2018-05-15,90.0
2018-05-16,95.0
2018-05-17,96.0
2018-05-18,95.0
2018-05-19,93.0
2018-05-20,84.0
2018-05-21,84.0
2018-05-22,88.0
2018-05-23,88.0
2018-05-24,91.0
2018-05-25,95.0
2018-05-26,96.0
2018-05-27,96.0
2018-05-28,95.0
2018-05-29,95.0
2018-05-30,96.0
2018-05-31,98.0
2018-06-01,98.0
2018-06-02,100.0
2018-06-03,99.0
2018-06-04,91.0
2018-06-05,100.0
2018-06-06,99.0
2018-06-07,98.0
2018-06-08,96.0
2018-06-09,96.0
2018-06-10,98.0
2018-06-11,97.0
2018-06-12,98.0
2018-06-13,98.0
2018-06-14,97.0
2018-06-15,96.0
2018-06-16,94.0
2018-06-17,93.0
2018-06-18,94.0
2018-06-19,80.0
2018-06-20,82.0
2018-06-21,93.0
2018-06-22,98.0
2018-06-23,98.0
2018-06-24,98.0
2018-06-25,94.0
2018-06-26,97.0
2018-06-27,98.0
2018-06-28,98.0
2018-06-29,98.0
2018-06-30,99.0
2018-07-01,103.0
2018-07-02,100.0
2018-07-03,101.0
2018-07-04,98.0
2018-07-05,93.0
2018-07-06,95.0
2018-07-07,92.0
2018-07-08,95.0
2018-07-09,83.0
2018-07-10,94.0
2018-07-11,96.0
2018-07-12,96.0
2018-07-13,96.0
2018-07-14,97.0
2018-07-15,97.0
2018-07-16,98.0
2018-07-17,99.0
2018-07-18,101.0
2018-07-19,103.0
2018-07-20,103.0
2018-07-21,102.0
2018-07-22,104.0
2018-07-23,109.0
2018-07-24,101.0
2018-07-25,101.0
2018-07-26,99.0
2018-07-27,102.0
2018-07-28,100.0
2018-07-29,102.0
2018-07-30,100.0
2018-07-31,98.0
2018-08-01,99.0
2018-08-02,98.0
2018-08-03,98.0
2018-08-04,97.0
2018-08-05,97.0
2018-08-06,95.0
2018-08-07,99.0
2018-08-08,100.0
2018-08-09,99.0
2018-08-10,97.0
2018-08-11,96.0
2018-08-12,90.0
2018-08-13,96.0
2018-08-14,97.0
2018-08-15,100.0
2018-08-16,101.0
2018-08-17,102.0
2018-08-18,101.0
2018-08-19,102.0
2018-08-20,101.0
2018-08-21,102.0
2018-08-22,102.0
2018-08-23,102.0
2018-08-24,101.0
2018-08-25,100.0
2018-08-26,100.0
2018-08-27,101.0
2018-08-28,102.0
2018-08-29,100.0
2018-08-30,99.0
2018-08-31,99.0
2018-09-01,98.0
2018-09-02,97.0
2018-09-03,94.0
2018-09-04,92.0
2018-09-05,94.0
2018-09-06,93.0
2018-09-07,87.0
2018-09-08,91.0
2018-09-09,78.0
2018-09-10,77.0
2018-09-11,85.0
2018-09-12,86.0
2018-09-13,90.0
2018-09-14,85.0
2018-09-15,85.0
2018-09-16,89.0
2018-09-17,92.0
2018-09-18,93.0
2018-09-19,93.0
2018-09-20,89.0
2018-09-21,89.0
2018-09-22,80.0
2018-09-23,80.0
2018-09-24,90.0
2018-09-25,93.0
2018-09-26,88.0
2018-09-27,79.0
2018-09-28,84.0
2018-09-29,80.0
2018-09-30,85.0
2018-10-01,86.0
2018-10-02,89.0
2018-10-03,91.0
2018-10-04,91.0
2018-10-05,92.0
2018-10-06,87.0
2018-10-07,89.0
2018-10-08,83.0
2018-10-09,82.0
2018-10-10,78.0
2018-10-11,75.0
2018-10-12,85.0
2018-10-13,91.0
2018-10-14,90.0
2018-10-15,76.0
2018-10-16,52.0
2018-10-17,60.0
2018-10-18,62.0
2018-10-19,66.0
2018-10-20,68.0
2018-10-21,74.0
2018-10-22,65.0
2018-10-23,67.0
2018-10-24,63.0
2018-10-25,68.0
2018-10-26,80.0
2018-10-27,86.0
2018-10-28,84.0
2018-10-29,84.0
2018-10-30,84.0
2018-10-31,84.0
2018-11-01,69.0
2018-11-02,77.0
2018-11-03,78.0
2018-11-04,73.0
2018-11-05,79.0
2018-11-06,80.0
2018-11-07,88.0
2018-11-08,63.0
2018-11-09,60.0
2018-11-10,54.0
2018-11-11,55.0
2018-11-12,51.0
2018-11-13,47.0
2018-11-14,56.0
2018-11-15,64.0
2018-11-16,70.0
2018-11-17,75.0
2018-11-18,62.0
2018-11-19,53.0
2018-11-20,63.0
2018-11-21,56.0
2018-11-22,62.0
2018-11-23,79.0
2018-11-24,76.0
2018-11-25,69.0
2018-11-26,59.0
2018-11-27,64.0
2018-11-28,71.0
2018-11-29,75.0
2018-11-30,77.0
2018-12-01,79.0
2018-12-02,70.0
2018-12-03,64.0
2018-12-04,57.0
2018-12-05,57.0
2018-12-06,58.0
2018-12-07,56.0
2018-12-08,48.0
2018-12-09,55.0
2018-12-10,59.0
2018-12-11,63.0
2018-12-12,67.0
2018-12-13,71.0
2018-12-14,54.0
2018-12-15,69.0
2018-12-16,65.0
2018-12-17,72.0
2018-12-18,64.0
2018-12-19,62.0
2018-12-20,65.0
2018-12-21,66.0
2018-12-22,79.0
2018-12-23,63.0
2018-12-24,64.0
2018-12-25,76.0
2018-12-26,72.0
2018-12-27,70.0
2018-12-28,54.0
2018-12-29,47.0
2018-12-30,43.0
2018-12-31,61.0
2019-01-01,46.0
2019-01-02,41.0
2019-01-03,52.0
2019-01-04,67.0
2019-01-05,73.0
2019-01-06,75.0
2019-01-07,76.0
2019-01-08,77.0
2019-01-09,62.0
2019-01-10,60.0
2019-01-11,62.0
2019-01-12,62.0
2019-01-13,53.0
2019-01-14,50.0
2019-01-15,51.0
2019-01-16,58.0
2019-01-17,77.0
2019-01-18,66.0
2019-01-19,65.0
2019-01-20,55.0
2019-01-21,67.0
2019-01-22,71.0
2019-01-23,56.0
2019-01-24,64.0
2019-01-25,60.0
2019-01-26,64.0
2019-01-27,67.0
2019-01-28,71.0
2019-01-29,49.0
2019-01-30,55.0
2019-01-31,61.0
2019-02-01,67.0
2019-02-02,67.0
2019-02-03,76.0
2019-02-04,75.0
2019-02-05,78.0
2019-02-06,77.0
2019-02-07,73.0
2019-02-08,39.0
2019-02-09,41.0
2019-02-10,49.0
2019-02-11,63.0
2019-02-12,65.0
2019-02-13,64.0
2019-02-14,74.0
2019-02-15,85.0
2019-02-16,59.0
2019-02-17,62.0
2019-02-18,61.0
2019-02-19,46.0
2019-02-20,64.0
2019-02-21,56.0
2019-02-22,58.0
2019-02-23,77.0
2019-02-24,64.0
2019-02-25,67.0
2019-02-26,65.0
2019-02-27,78.0
2019-02-28,49.0
2019-03-01,55.0
2019-03-02,53.0
2019-03-03,47.0
2019-03-04,39.0
2019-03-05,48.0
2019-03-06,59.0
2019-03-07,73.0
2019-03-08,82.0
2019-03-09,86.0
2019-03-10,79.0
2019-03-11,67.0
2019-03-12,79.0
2019-03-13,82.0
2019-03-14,75.0
2019-03-15,60.0
2019-03-16,60.0
2019-03-17,67.0
2019-03-18,69.0
2019-03-19,72.0
2019-03-20,75.0
2019-03-21,76.0
2019-03-22,79.0
2019-03-23,74.0
2019-03-24,82.0
2019-03-25,81.0
2019-03-26,78.0
2019-03-27,78.0
2019-03-28,78.0
2019-03-29,79.0
2019-03-30,71.0
2019-03-31,58.0
2019-04-01,61.0
2019-04-02,74.0
2019-04-03,70.0
2019-04-04,91.0
2019-04-05,82.0
2019-04-06,73.0
2019-04-07,71.0
2019-04-08,87.0
2019-04-09,89.0
2019-04-10,92.0
2019-04-11,82.0
2019-04-12,80.0
2019-04-13,71.0
2019-04-14,74.0
2019-04-15,81.0
2019-04-16,82.0
2019-04-17,83.0
2019-04-18,76.0
2019-04-19,76.0
2019-04-20,81.0
2019-04-21,84.0
2019-04-22,80.0
2019-04-23,80.0
2019-04-24,71.0
2019-04-25,87.0
2019-04-26,81.0
2019-04-27,84.0
2019-04-28,85.0
2019-04-29,84.0
2019-04-30,85.0
2019-05-01,84.0
2019-05-02,82.0
2019-05-03,83.0
2019-05-04,81.0
2019-05-05,86.0
2019-05-06,77.0
2019-05-07,86.0
2019-05-08,79.0
2019-05-09,86.0
2019-05-10,68.0
2019-05-11,67.0
2019-05-12,79.0
2019-05-13,84.0
2019-05-14,82.0
2019-05-15,87.0
2019-05-16,88.0
2019-05-17,91.0
2019-05-18,88.0
2019-05-19,92.0
2019-05-20,92.0
2019-05-21,87.0
2019-05-22,92.0
2019-05-23,93.0
2019-05-24,92.0
2019-05-25,93.0
2019-05-26,92.0
2019-05-27,90.0
2019-05-28,89.0
2019-05-29,93.0
2019-05-30,86.0
2019-05-31,90.0
2019-06-01,91.4
2019-06-02,94.0
2019-06-03,93.0
2019-06-04,85.0
2019-06-05,91.0
2019-06-06,92.0
2019-06-07,95.0
2019-06-08,97.0
2019-06-09,97.0
2019-06-10,88.0
2019-06-11,79.0
2019-06-12,90.0
2019-06-13,91.0
2019-06-14,91.0
2019-06-15,95.0
2019-06-16,96.0
2019-06-17,90.0
2019-06-18,93.0
2019-06-19,96.0
2019-06-20,96.0
2019-06-21,95.0
2019-06-22,93.0
2019-06-23,95.0
2019-06-24,83.0
2019-06-25,93.0
2019-06-26,91.0
2019-06-27,94.0
2019-06-28,93.0
2019-06-29,94.0
2019-06-30,86.0
2019-07-01,92.0
2019-07-02,94.0
2019-07-03,92.0
2019-07-04,93.0
2019-07-05,95.0
2019-07-06,93.0
2019-07-07,95.0
2019-07-08,94.0
2019-07-09,96.0
2019-07-10,96.0
2019-07-11,97.0
2019-07-12,97.0
2019-07-13,95.0
2019-07-14,97.0
2019-07-15,95.0
2019-07-16,98.0
2019-07-17,98.0
2019-07-18,97.0
2019-07-19,98.0
2019-07-20,97.0
2019-07-21,97.0
2019-07-22,96.0
2019-07-23,92.0
2019-07-24,89.0
2019-07-25,89.0
2019-07-26,91.0
2019-07-27,94.0
2019-07-28,97.0
2019-07-29,96.0
2019-07-30,97.0
2019-07-31,99.0
2019-08-01,96.0
2019-08-02,96.0
2019-08-03,93.0
2019-08-04,94.0
2019-08-05,96.0
2019-08-06,97.0
2019-08-07,97.0
2019-08-08,99.0
2019-08-09,100.0
2019-08-10,99.0
2019-08-11,99.0
2019-08-12,101.0
2019-08-13,101.0
2019-08-14,100.0
2019-08-15,99.0
2019-08-16,101.0
2019-08-17,101.0
2019-08-18,101.0
2019-08-19,101.0
2019-08-20,99.0
2019-08-21,98.0
2019-08-22,99.0
2019-08-23,99.0
2019-08-24,96.0
2019-08-25,100.0
2019-08-26,102.0
2019-08-27,94.0
2019-08-28,99.0
2019-08-29,100.0
2019-08-30,98.0
2019-08-31,98.0
2019-09-01,95.0
2019-09-02,99.0
2019-09-03,99.0
2019-09-04,99.0
2019-09-05,100.0
2019-09-06,100.0
2019-09-07,100.0
2019-09-08,100.0
2019-09-09,97.0
2019-09-10,98.0
2019-09-11,95.0
2019-09-12,97.0
2019-09-13,97.0
2019-09-14,99.0
2019-09-15,96.0
2019-09-16,97.0
2019-09-17,90.0
2019-09-18,99.0
2019-09-19,97.0
2019-09-20,98.0
2019-09-21,96.0
2019-09-22,97.0
2019-09-23,96.0
2019-09-24,96.0
2019-09-25,97.0
2019-09-26,96.0
2019-09-27,96.0
2019-09-28,92.0
2019-09-29,97.0
2019-09-30,96.0
2019-10-01,96.0
2019-10-02,95.0
2019-10-03,96.0
2019-10-04,93.0
2019-10-05,95.0
2019-10-06,96.0
2019-10-07,83.0
2019-10-08,85.0
2019-10-09,94.0
2019-10-10,97.0
2019-10-11,81.0
2019-10-12,63.0
2019-10-13,79.0
2019-10-14,88.0
2019-10-15,95.0
2019-10-16,75.0
2019-10-17,76.0
2019-10-18,84.0
2019-10-19,95.0
2019-10-20,93.0
2019-10-21,80.0
2019-10-22,83.0
2019-10-23,87.0
2019-10-24,85.0
2019-10-25,59.0
2019-10-26,74.0
2019-10-27,82.0
2019-10-28,82.0
2019-10-29,61.0
2019-10-30,50.0
2019-10-31,56.0
2019-11-01,63.0
2019-11-02,68.0
2019-11-03,73.0
2019-11-04,83.0
2019-11-05,84.0
2019-11-06,83.0
2019-11-07,67.0
2019-11-08,50.0
2019-11-09,70.0
2019-11-10,76.0
2019-11-11,74.0
2019-11-12,46.0
2019-11-13,42.0
2019-11-14,45.0
2019-11-15,62.0
2019-11-16,66.0
2019-11-17,69.0
2019-11-18,75.0
2019-11-19,80.0
2019-11-20,82.0
2019-11-21,79.0
2019-11-22,69.0
2019-11-23,69.0
2019-11-24,74.0
2019-11-25,83.0
2019-11-26,77.0
2019-11-27,65.0
2019-11-28,55.0
2019-11-29,75.0
2019-11-30,87.0
2019-12-01,66.0
2019-12-02,65.0
2019-12-03,74.0
2019-12-04,74.0
2019-12-05,74.0
2019-12-06,74.0
2019-12-07,69.0
2019-12-08,76.0
2019-12-09,81.0
2019-12-10,57.0
2019-12-11,57.0
2019-12-12,62.0
2019-12-13,79.0
2019-12-14,78.0
2019-12-15,81.0
2019-12-16,70.0
2019-12-17,55.0
2019-12-18,60.0
2019-12-19,60.0
2019-12-20,52.0
2019-12-21,60.0
2019-12-22,59.0
2019-12-23,71.0
2019-12-24,71.0
2019-12-25,72.0
2019-12-26,68.0
2019-12-27,68.0
2019-12-28,73.0
2019-12-29,67.0
2019-12-30,62.0
2019-12-31,61.0
2020-01-01,57.0
2020-01-02,61.0
2020-01-03,66.0
2020-01-04,71.0
2020-01-05,74.0
2020-01-06,75.0
2020-01-07,68.0
2020-01-08,71.0
2020-01-09,78.0
2020-01-10,78.0
2020-01-11,59.0
2020-01-12,63.0
2020-01-13,61.0
2020-01-14,76.0
2020-01-15,82.0
2020-01-16,70.0
2020-01-17,61.0
2020-01-18,69.0
2020-01-19,58.0
2020-01-20,61.0
2020-01-21,62.0
2020-01-22,59.0
2020-01-23,66.0
2020-01-24,67.0
2020-01-25,66.0
2020-01-26,77.0
2020-01-27,69.0
2020-01-28,73.0
2020-01-29,62.0
2020-01-30,50.0
2020-01-31,61.0
2020-02-01,74.0
2020-02-02,77.0
2020-02-03,73.0
2020-02-04,77.0
2020-02-05,46.0
2020-02-06,55.0
2020-02-07,75.0
2020-02-08,69.0
2020-02-09,73.0
2020-02-10,72.0
2020-02-11,48.0
2020-02-12,58.0
2020-02-13,53.0
2020-02-14,58.0
2020-02-15,65.0
2020-02-16,76.0
2020-02-17,79.0
2020-02-18,73.0
2020-02-19,51.0
2020-02-20,51.0
2020-02-21,53.0
2020-02-22,63.0
2020-02-23,70.0
2020-02-24,70.0
2020-02-25,67.0
2020-02-26,54.0
2020-02-27,63.0
2020-02-28,73.0
2020-02-29,74.0
2020-03-01,77.0
2020-03-02,77.0
2020-03-03,75.0
2020-03-04,68.0
2020-03-05,74.0
2020-03-06,69.0
2020-03-07,63.0
2020-03-08,76.0
2020-03-09,69.0
2020-03-10,80.0
2020-03-11,83.0
2020-03-12,86.0
2020-03-13,83.0
2020-03-14,83.0
2020-03-15,71.0
2020-03-16,73.0
2020-03-17,80.0
2020-03-18,82.0
2020-03-19,81.0
2020-03-20,73.0
2020-03-21,55.0
2020-03-22,68.0
2020-03-23,82.0
2020-03-24,91.0
2020-03-25,88.0
2020-03-26,87.0
2020-03-27,88.0
2020-03-28,78.0
2020-03-29,79.0
2020-03-30,71.0
2020-03-31,71.0
2020-04-01,77.0
2020-04-02,72.0
2020-04-03,74.0
2020-04-04,53.0
2020-04-05,67.0
2020-04-06,78.0
2020-04-07,86.0
2020-04-08,89.0
2020-04-09,91.0
2020-04-10,74.0
2020-04-11,78.0
2020-04-12,86.0
2020-04-13,63.0
2020-04-14,64.0
2020-04-15,68.0
2020-04-16,77.0
2020-04-17,73.0
2020-04-18,61.0
2020-04-19,94.0
2020-04-20,87.0
2020-04-21,86.0
2020-04-22,81.0
2020-04-23,87.0
2020-04-24,95.0
2020-04-25,81.0
2020-04-26,85.0
2020-04-27,88.0
2020-04-28,91.0
2020-04-29,84.0
2020-04-30,85.0
2020-05-01,87.0
2020-05-02,90.0
2020-05-03,93.0
2020-05-04,95.0
2020-05-05,84.0
2020-05-06,85.0
2020-05-07,83.0
2020-05-08,86.0
2020-05-09,77.0
2020-05-10,81.0
2020-05-11,84.0
2020-05-12,74.0
2020-05-13,87.0
2020-05-14,91.0
2020-05-15,92.0
2020-05-16,82.0
2020-05-17,91.0
2020-05-18,93.0
2020-05-19,94.0
2020-05-20,94.0
2020-05-21,91.0
2020-05-22,94.0
2020-05-23,92.0
2020-05-24,92.0
2020-05-25,77.0
2020-05-26,85.0
2020-05-27,91.0
2020-05-28,87.0
2020-05-29,88.0
2020-05-30,87.0
2020-05-31,84.0
2020-06-01,83.0
2020-06-02,89.0
2020-06-03,91.0
2020-06-04,91.0
2020-06-05,93.0
2020-06-06,94.0
2020-06-07,94.0
2020-06-08,97.0
2020-06-09,98.0
2020-06-10,91.0
2020-06-11,94.0
2020-06-12,92.0
2020-06-13,92.0
2020-06-14,92.0
2020-06-15,94.0
2020-06-16,92.0
2020-06-17,93.0
2020-06-18,94.0
2020-06-19,93.0
2020-06-20,93.0
2020-06-21,95.0
2020-06-22,92.0
2020-06-23,92.0
2020-06-24,84.0
2020-06-25,92.0
2020-06-26,85.0
2020-06-27,91.0
2020-06-28,87.0
2020-06-29,90.0
2020-06-30,92.0
2020-07-01,93.0
2020-07-02,95.0
2020-07-03,95.0
2020-07-04,97.0
2020-07-05,97.0
2020-07-06,93.0
2020-07-07,96.0
2020-07-08,96.0
2020-07-09,98.0
2020-07-10,99.0
2020-07-11,99.0
2020-07-12,101.0
2020-07-13,104.0
2020-07-14,102.0
2020-07-15,99.0
2020-07-16,99.0
2020-07-17,100.0
2020-07-18,95.0
2020-07-19,97.0
2020-07-20,98.0
2020-07-21,93.0
2020-07-22,96.0
2020-07-23,99.0
2020-07-24,98.0
2020-07-25,93.0
2020-07-26,93.0
2020-07-27,96.0
2020-07-28,97.0
2020-07-29,96.0
2020-07-30,97.0
2020-07-31,97.0
2020-08-01,96.0
2020-08-02,97.0
2020-08-03,99.0
2020-08-04,99.0
2020-08-05,100.0
2020-08-06,100.0
2020-08-07,99.0
2020-08-08,99.0
2020-08-09,100.0
2020-08-10,100.0
2020-08-11,101.0
2020-08-12,102.0
2020-08-13,102.0
2020-08-14,105.0
2020-08-15,104.0
2020-08-16,104.0
2020-08-17,98.0
2020-08-18,102.0
2020-08-19,101.0
2020-08-20,99.0
2020-08-21,101.0
2020-08-22,90.0
2020-08-23,96.0
2020-08-24,97.0
2020-08-25,98.0
2020-08-26,93.0
2020-08-27,99.0
2020-08-28,104.0
2020-08-29,102.0
2020-08-30,101.0
2020-08-31,100.0
2020-09-01,101.0
2020-09-02,86.0
2020-09-03,92.0
2020-09-04,83.0
2020-09-05,91.0
2020-09-06,94.0
2020-09-07,94.0
2020-09-08,88.0
2020-09-09,82.0
2020-09-10,68.0
2020-09-11,84.0
2020-09-12,92.0
2020-09-13,93.0
2020-09-14,90.0
2020-09-15,91.0
2020-09-16,92.0
2020-09-17,86.0
2020-09-18,88.0
2020-09-19,84.0
2020-09-20,85.0
2020-09-21,73.0
2020-09-22,75.0
2020-09-23,76.0
2020-09-24,79.0
2020-09-25,86.0
2020-09-26,89.0
2020-09-27,92.0
2020-09-28,80.0
2020-09-29,83.0
2020-09-30,87.0
2020-10-01,91.0
2020-10-02,83.0
2020-10-03,86.0
2020-10-04,87.0
2020-10-05,86.0
2020-10-06,88.0
2020-10-07,90.0
2020-10-08,87.0
2020-10-09,88.0
2020-10-10,95.0
2020-10-11,96.0
2020-10-12,87.0
2020-10-13,88.0
2020-10-14,91.0
2020-10-15,87.0
2020-10-16,77.0
2020-10-17,81.0
2020-10-18,91.0
2020-10-19,92.0
2020-10-20,91.0
2020-10-21,90.0
2020-10-22,90.0
2020-10-23,84.0
2020-10-24,66.0
2020-10-25,85.0
2020-10-26,78.0
2020-10-27,45.0
2020-10-28,62.0
2020-10-29,64.0
2020-10-30,72.0
2020-10-31,78.0
2020-11-01,79.0
2020-11-02,77.0
2020-11-03,80.0
2020-11-04,81.0
2020-11-05,81.0
2020-11-06,79.0
2020-11-07,81.0
2020-11-08,83.0
2020-11-09,85.0
2020-11-10,80.0
2020-11-11,83.0
2020-11-12,84.0
2020-11-13,84.0
2020-11-14,88.0
2020-11-15,73.0
2020-11-16,76.0
2020-11-17,76.0
2020-11-18,80.0
2020-11-19,83.0
2020-11-20,83.0
2020-11-21,80.0
2020-11-22,82.0
2020-11-23,68.0
2020-11-24,85.0
2020-11-25,73.0
2020-11-26,77.0
2020-11-27,71.0
2020-11-28,61.0
2020-11-29,57.0
2020-11-30,57.0
2020-12-01,64.0
2020-12-02,66.0
2020-12-03,58.0
2020-12-04,59.0
2020-12-05,54.0
2020-12-06,67.0
2020-12-07,71.0
2020-12-08,79.0
2020-12-09,82.0
2020-12-10,80.0
2020-12-11,77.0
2020-12-12,63.0
2020-12-13,68.0
2020-12-14,51.0
2020-12-15,61.0
2020-12-16,55.0
2020-12-17,64.0
2020-12-18,65.0
2020-12-19,68.0
2020-12-20,70.0
2020-12-21,76.0
2020-12-22,74.0
2020-12-23,79.0
2020-12-24,57.0
2020-12-25,69.0
2020-12-26,70.0
2020-12-27,77.0
2020-12-28,77.0
2020-12-29,77.0
2020-12-30,73.0
2020-12-31,45.0
2021-01-01,53.0
2021-01-02,64.0
2021-01-03,69.0
2021-01-04,77.0
2021-01-05,71.0
2021-01-06,67.0
2021-01-07,63.0
2021-01-08,52.0
2021-01-09,54.0
2021-01-10,46.0
2021-01-11,49.0
2021-01-12,50.0
2021-01-13,65.0
2021-01-14,71.0
2021-01-15,61.0
2021-01-16,63.0
2021-01-17,68.0
2021-01-18,75.0
2021-01-19,72.0
2021-01-20,57.0
2021-01-21,67.0
2021-01-22,78.0
2021-01-23,64.0
2021-01-24,72.0
2021-01-25,76.0
2021-01-26,74.0
2021-01-27,67.0
2021-01-28,55.0
2021-01-29,69.0
2021-01-30,77.0
2021-01-31,69.0
2021-02-01,65.0
2021-02-02,68.0
2021-02-03,76.0
2021-02-04,85.0
2021-02-05,59.0
2021-02-06,76.0
2021-02-07,70.0
2021-02-08,76.0
2021-02-09,64.0
2021-02-10,47.0
2021-02-11,37.0
2021-02-12,33.0
2021-02-13,32.0
2021-02-14,30.9
2021-02-15,27.0
2021-02-16,25.0
2021-02-17,32.0
2021-02-18,32.0
2021-02-19,44.0
2021-02-20,62.0
2021-02-21,75.0
2021-02-22,76.0
2021-02-23,78.0
2021-02-24,83.0
2021-02-25,65.0
2021-02-26,60.0
2021-02-27,79.0
2021-02-28,77.0
2021-03-01,58.0
2021-03-02,66.0
2021-03-03,72.0
2021-03-04,77.0
2021-03-05,80.0
2021-03-06,68.0
2021-03-07,70.0
2021-03-08,73.0
2021-03-09,78.0
2021-03-10,84.0
2021-03-11,81.0
2021-03-12,82.0
2021-03-13,78.0
2021-03-14,74.0
2021-03-15,86.0
2021-03-16,82.0
2021-03-17,79.0
2021-03-18,73.0
2021-03-19,71.0
2021-03-20,71.0
2021-03-21,75.0
2021-03-22,77.0
2021-03-23,81.0
2021-03-24,72.0
2021-03-25,75.0
2021-03-26,80.0
2021-03-27,82.0
2021-03-28,72.0
2021-03-29,74.0
2021-03-30,79.0
2021-03-31,71.0
2021-04-01,68.0
2021-04-02,70.0
2021-04-03,67.0
2021-04-04,75.0
2021-04-05,78.0
2021-04-06,84.0
2021-04-07,84.0
2021-04-08,88.0
2021-04-09,88.0
2021-04-10,78.0
2021-04-11,86.0
2021-04-12,86.0
2021-04-13,81.0
2021-04-14,79.0
2021-04-15,70.0
2021-04-16,68.0
2021-04-17,64.0
2021-04-18,66.0
2021-04-19,73.0
2021-04-20,82.0
2021-04-21,63.0
2021-04-22,65.0
2021-04-23,72.0
2021-04-24,82.0
2021-04-25,85.0
2021-04-26,84.0
2021-04-27,78.0
2021-04-28,84.0
2021-04-29,75.0
2021-04-30,72.0
2021-05-01,72.0
2021-05-02,86.0
2021-05-03,91.0
2021-05-04,79.0
2021-05-05,77.0
2021-05-06,84.0
2021-05-07,84.0
2021-05-08,87.0
2021-05-09,86.0
2021-05-10,77.0
2021-05-11,78.0
2021-05-12,72.0
2021-05-13,73.0
2021-05-14,80.0
2021-05-15,78.0
2021-05-16,79.0
2021-05-17,80.0
2021-05-18,77.0
2021-05-19,70.0
2021-05-20,83.0
2021-05-21,84.0
2021-05-22,80.0
2021-05-23,73.0
2021-05-24,85.0
2021-05-25,86.0
2021-05-26,87.0
2021-05-27,87.0
2021-05-28,87.0
2021-05-29,84.0
2021-05-30,84.0
2021-05-31,83.0
2021-06-01,83.0
2021-06-02,86.0
2021-06-03,70.0
2021-06-04,81.0
2021-06-05,81.0
2021-06-06,88.0
2021-06-07,90.0
2021-06-08,89.0
2021-06-09,91.0
2021-06-10,92.0
2021-06-11,90.0
2021-06-12,91.0
2021-06-13,94.0
2021-06-14,96.0
2021-06-15,95.0
2021-06-16,93.0
2021-06-17,94.0
2021-06-18,91.0
2021-06-19,92.0
2021-06-20,91.0
2021-06-21,93.0
2021-06-22,87.0
2021-06-23,94.0
2021-06-24,94.0
2021-06-25,93.0
2021-06-26,93.0
2021-06-27,88.0
2021-06-28,87.0
2021-06-29,85.0
2021-06-30,90.0
2021-07-01,92.0
2021-07-02,94.0
2021-07-03,89.0
2021-07-04,83.0
2021-07-05,83.0
2021-07-06,87.0
2021-07-07,84.0
2021-07-08,85.0
2021-07-09,79.0
2021-07-10,90.0
2021-07-11,89.0
2021-07-12,85.0
2021-07-13,90.0
2021-07-14,89.0
2021-07-15,90.0
2021-07-16,91.0
2021-07-17,91.0
2021-07-18,92.0
2021-07-19,93.0
2021-07-20,89.0
2021-07-21,88.0
2021-07-22,90.0
2021-07-23,91.0
2021-07-24,93.0
2021-07-25,94.0
2021-07-26,95.0
2021-07-27,93.0
2021-07-28,92.0
2021-07-29,94.0
2021-07-30,94.0
2021-07-31,94.0
2021-08-01,96.0
2021-08-02,82.0
2021-08-03,89.0
2021-08-04,88.0
2021-08-05,81.0
2021-08-06,89.0
2021-08-07,91.0
2021-08-08,92.0
2021-08-09,94.0
2021-08-10,93.0
2021-08-11,94.0
2021-08-12,94.0
2021-08-13,94.0
2021-08-14,93.0
2021-08-15,90.0
2021-08-16,91.0
2021-08-17,91.0
2021-08-18,91.0
2021-08-19,93.0
2021-08-20,93.0
2021-08-21,94.0
2021-08-22,95.0
2021-08-23,93.0
2021-08-24,94.0
2021-08-25,95.0
2021-08-26,97.0
2021-08-27,88.0
2021-08-28,92.0
2021-08-29,94.0
2021-08-30,91.0
2021-08-31,96.0
2021-09-01,97.0
2021-09-02,97.0
2021-09-03,96.0
2021-09-04,95.0
2021-09-05,99.0
2021-09-06,97.0
2021-09-07,95.0
2021-09-08,98.0
2021-09-09,94.0
2021-09-10,92.0
2021-09-11,90.0
2021-09-12,91.0
2021-09-13,87.0
2021-09-14,85.0
2021-09-15,89.0
2021-09-16,91.0
2021-09-17,95.0
2021-09-18,97.0
2021-09-19,97.0
2021-09-20,98.0
2021-09-21,91.0
2021-09-22,84.0
2021-09-23,85.0
2021-09-24,86.0
2021-09-25,88.0
2021-09-26,88.0
2021-09-27,89.0
2021-09-28,95.0
2021-09-29,86.0
2021-09-30,91.0
2021-10-01,85.0
2021-10-02,86.0
2021-10-03,90.0
2021-10-04,89.0
2021-10-05,88.0
2021-10-06,87.0
2021-10-07,89.0
2021-10-08,89.0
2021-10-09,87.0
2021-10-10,92.0
2021-10-11,81.0
2021-10-12,88.0
2021-10-13,87.0
2021-10-14,79.0
2021-10-15,88.0
2021-10-16,74.0
2021-10-17,73.0
2021-10-18,77.0
2021-10-19,83.0
2021-10-20,78.0
2021-10-21,84.0
2021-10-22,86.0
2021-10-23,87.0
2021-10-24,86.0
2021-10-25,88.0
2021-10-26,85.0
2021-10-27,78.0
2021-10-28,78.0
2021-10-29,74.0
2021-10-30,79.0
2021-10-31,81.0
2021-11-01,80.0
2021-11-02,78.0
2021-11-03,66.0
2021-11-04,60.0
2021-11-05,63.0
2021-11-06,69.0
2021-11-07,73.0
2021-11-08,77.0
2021-11-09,76.0
2021-11-10,80.0
2021-11-11,74.0
2021-11-12,77.0
2021-11-13,69.0
2021-11-14,78.0
2021-11-15,81.0
2021-11-16,81.0
2021-11-17,82.0
2021-11-18,65.0
2021-11-19,66.0
2021-11-20,72.0
2021-11-21,78.0
2021-11-22,69.0
2021-11-23,70.0
2021-11-24,77.0
2021-11-25,68.0
2021-11-26,55.0
2021-11-27,51.0
2021-11-28,70.0
2021-11-29,71.0
2021-11-30,74.0
2021-12-01,76.0
2021-12-02,78.0
2021-12-03,76.0
2021-12-04,76.0
2021-12-05,78.0
2021-12-06,72.0
2021-12-07,68.0
2021-12-08,78.0
2021-12-09,79.0
2021-12-10,85.0
2021-12-11,73.0
2021-12-12,61.0
2021-12-13,64.0
2021-12-14,74.0
2021-12-15,80.0
2021-12-16,81.0
2021-12-17,78.0
2021-12-18,72.0
2021-12-19,55.0
2021-12-20,59.0
2021-12-21,66.0
2021-12-22,74.0
2021-12-23,71.0
2021-12-24,79.0
2021-12-25,78.0
2021-12-26,77.0
2021-12-27,80.0
2021-12-28,73.0
2021-12-29,81.0
2021-12-30,82.0
2021-12-31,83.0
2022-01-01,78.0
2022-01-02,47.0
2022-01-03,56.0
2022-01-04,67.0
2022-01-05,73.0
2022-01-06,56.0
2022-01-07,41.0
2022-01-08,64.0
2022-01-09,65.0
2022-01-10,58.0
2022-01-11,51.0
2022-01-12,63.0
2022-01-13,75.0
2022-01-14,77.0
2022-01-15,63.0
2022-01-16,62.0
2022-01-17,69.0
2022-01-18,75.0
2022-01-19,78.0
2022-01-20,41.0
2022-01-21,48.0
2022-01-22,54.0
2022-01-23,58.0
2022-01-24,53.0
2022-01-25,53.0
2022-01-26,54.0
2022-01-27,59.0
2022-01-28,58.0
2022-01-29,66.0
2022-01-30,69.0
2022-01-31,59.0
2022-02-01,65.0
2022-02-02,58.0
2022-02-03,37.0
2022-02-04,41.0
2022-02-05,50.0
2022-02-06,58.0
2022-02-07,60.0
2022-02-08,66.0
2022-02-09,73.0
2022-02-10,72.0
2022-02-11,75.0
2022-02-12,57.0
2022-02-13,65.0
2022-02-14,69.0
2022-02-15,74.0
2022-02-16,75.0
2022-02-17,72.0
2022-02-18,58.0
2022-02-19,64.0
2022-02-20,70.0
2022-02-21,85.0
2022-02-22,85.0
2022-02-23,47.0
2022-02-24,36.0
2022-02-25,38.0
2022-02-26,41.0
2022-02-27,60.0
2022-02-28,65.0
2022-03-01,71.0
2022-03-02,73.0
2022-03-03,77.0
2022-03-04,78.0
2022-03-05,80.0
2022-03-06,79.0
2022-03-07,55.0
2022-03-08,54.0
2022-03-09,60.0
2022-03-10,72.0
2022-03-11,61.0
2022-03-12,56.0
2022-03-13,66.0
2022-03-14,81.0
2022-03-15,75.0
2022-03-16,81.0
2022-03-17,70.0
2022-03-18,73.0
2022-03-19,76.0
2022-03-20,77.0
2022-03-21,80.0
2022-03-22,63.0
2022-03-23,69.0
2022-03-24,74.0
2022-03-25,83.0
2022-03-26,88.0
2022-03-27,85.0
2022-03-28,84.0
2022-03-29,79.0
2022-03-30,79.0
2022-03-31,73.0
2022-04-01,81.0
2022-04-02,84.0
2022-04-03,84.0
2022-04-04,79.0
2022-04-05,92.0
2022-04-06,77.0
2022-04-07,75.0
2022-04-08,77.0
2022-04-09,86.0
2022-04-10,84.0
2022-04-11,80.0
2022-04-12,90.0
2022-04-13,93.0
2022-04-14,82.0
2022-04-15,82.0
2022-04-16,82.0
2022-04-17,86.0
2022-04-18,76.0
2022-04-19,70.0
2022-04-20,84.0
2022-04-21,80.0
2022-04-22,87.0
2022-04-23,86.0
2022-04-24,88.0
2022-04-25,74.0
2022-04-26,75.0
2022-04-27,78.0
2022-04-28,85.0
2022-04-29,85.0
2022-04-30,89.0
2022-05-01,86.0
2022-05-02,83.0
2022-05-03,90.0
2022-05-04,88.0
2022-05-05,86.0
2022-05-06,93.0
2022-05-07,95.0
2022-05-08,95.0
2022-05-09,93.0
2022-05-10,91.0
2022-05-11,92.0
2022-05-12,92.0
2022-05-13,88.0
2022-05-14,92.0
2022-05-15,94.0
2022-05-16,96.0
2022-05-17,95.0
2022-05-18,97.0
2022-05-19,95.0
2022-05-20,94.0
2022-05-21,98.0
2022-05-22,81.0
2022-05-23,87.0
2022-05-24,85.0
2022-05-25,82.0
2022-05-26,95.0
2022-05-27,96.0
2022-05-28,95.0
2022-05-29,95.0
2022-05-30,94.0
2022-05-31,95.0
2022-06-01,91.0
2022-06-02,91.0
2022-06-03,90.0
2022-06-04,92.0
2022-06-05,97.0
2022-06-06,101.0
2022-06-07,99.0
2022-06-08,98.0
2022-06-09,98.0
2022-06-10,100.0
2022-06-11,101.0
2022-06-12,102.0
2022-06-13,100.0
2022-06-14,97.0
2022-06-15,95.0
2022-06-16,100.0
2022-06-17,98.0
2022-06-18,97.0
2022-06-19,99.0
2022-06-20,100.0
2022-06-21,99.0
2022-06-22,97.0
2022-06-23,101.0
2022-06-24,100.0
2022-06-25,99.0
2022-06-26,101.0
2022-06-27,99.0
2022-06-28,90.0
2022-06-29,96.0
2022-06-30,95.0
2022-07-01,93.0
2022-07-02,99.0
2022-07-03,99.0
2022-07-04,99.0
2022-07-05,99.0
2022-07-06,100.0
2022-07-07,99.0
2022-07-08,101.0
2022-07-09,104.0
2022-07-10,105.0
2022-07-11,104.0
2022-07-12,105.0
2022-07-13,104.0
2022-07-14,100.0
2022-07-15,96.0
2022-07-16,98.0
2022-07-17,102.0
2022-07-18,102.0
2022-07-19,103.0
2022-07-20,103.0
2022-07-21,102.0
2022-07-22,100.0
2022-07-23,100.0
2022-07-24,101.0
2022-07-25,102.0
2022-07-26,101.0
2022-07-27,101.0
2022-07-28,100.0
2022-07-29,100.0
2022-07-30,100.0
2022-07-31,100.0
2022-08-01,99.0
2022-08-02,102.0
2022-08-03,103.0
2022-08-04,101.0
2022-08-05,101.0
2022-08-06,96.0
2022-08-07,99.0
2022-08-08,100.0
2022-08-09,98.0
2022-08-10,103.0
2022-08-11,98.0
2022-08-12,98.0
2022-08-13,100.0
2022-08-14,91.0
2022-08-15,99.0
2022-08-16,99.0
2022-08-17,100.0
2022-08-18,99.0
2022-08-19,93.0
2022-08-20,98.0
2022-08-21,90.0
2022-08-22,96.0
2022-08-23,90.0
2022-08-24,92.0
2022-08-25,94.0
2022-08-26,95.0
2022-08-27,96.0
2022-08-28,96.0
2022-08-29,96.0
2022-08-30,82.0
2022-08-31,90.0
2022-09-01,92.0
2022-09-02,93.0
2022-09-03,89.0
2022-09-04,86.0
2022-09-05,92.0
2022-09-06,93.0
2022-09-07,94.0
2022-09-08,92.0
2022-09-09,93.0
2022-09-10,93.0
2022-09-11,91.0
2022-09-12,91.0
2022-09-13,93.0
2022-09-14,91.0
2022-09-15,91.0
2022-09-16,94.0
2022-09-17,96.0
2022-09-18,96.0
2022-09-19,96.0
2022-09-20,96.0
2022-09-21,95.0
2022-09-22,97.0
2022-09-23,97.0
2022-09-24,94.0
2022-09-25,95.0
2022-09-26,93.0
2022-09-27,90.0
2022-09-28,90.0
2022-09-29,91.0
2022-09-30,87.0
2022-10-01,87.0
2022-10-02,84.0
2022-10-03,86.0
2022-10-04,88.0
2022-10-05,88.0
2022-10-06,90.0
2022-10-07,86.0
2022-10-08,88.0
2022-10-09,87.0
2022-10-10,88.0
2022-10-11,88.0
2022-10-12,95.0
2022-10-13,89.0
2022-10-14,89.0
2022-10-15,93.0
2022-10-16,90.0
2022-10-17,75.0
2022-10-18,69.0
2022-10-19,72.0
2022-10-20,84.0
2022-10-21,86.0
2022-10-22,88.0
2022-10-23,87.0
2022-10-24,86.0
2022-10-25,75.0
2022-10-26,76.0
2022-10-27,80.0
2022-10-28,66.0
2022-10-29,69.0
2022-10-30,76.0
2022-10-31,77.0
2022-11-01,66.0
2022-11-02,76.0
2022-11-03,84.0
2022-11-04,85.0
2022-11-05,71.0
2022-11-06,83.0
2022-11-07,84.0
2022-11-08,78.0
2022-11-09,81.0
2022-11-10,81.0
2022-11-11,78.0
2022-11-12,58.0
2022-11-13,58.0
2022-11-14,52.0
2022-11-15,50.0
2022-11-16,55.0
2022-11-17,58.0
2022-11-18,55.0
2022-11-19,47.0
2022-11-20,47.0
2022-11-21,45.0
2022-11-22,54.0
2022-11-23,65.0
2022-11-24,67.0
2022-11-25,61.0
2022-11-26,60.0
2022-11-27,71.0
2022-11-28,75.0
2022-11-29,82.0
2022-11-30,58.0
2022-12-01,53.0
2022-12-02,68.0
2022-12-03,66.0
2022-12-04,57.0
2022-12-05,78.0
2022-12-06,82.0
2022-12-07,80.0
2022-12-08,80.0
2022-12-09,79.0
2022-12-10,78.0
2022-12-11,65.0
2022-12-12,70.0
2022-12-13,79.0
2022-12-14,68.0
2022-12-15,64.0
2022-12-16,55.0
2022-12-17,56.0
2022-12-18,54.0
2022-12-19,50.0
2022-12-20,52.0
2022-12-21,48.0
2022-12-22,59.0
2022-12-23,30.9
2022-12-24,38.0
2022-12-25,51.0
2022-12-26,61.0
2022-12-27,58.0
2022-12-28,76.0
2022-12-29,74.0
2022-12-30,65.0
2022-12-31,76.0
2023-01-01,78.0
2023-01-02,82.0
2023-01-03,72.0
2023-01-04,73.0
2023-01-05,66.0
2023-01-06,79.0
2023-01-07,75.0
2023-01-08,67.0
2023-01-09,72.0
2023-01-10,81.0
2023-01-11,77.0
2023-01-12,68.0
2023-01-13,61.0
2023-01-14,64.0
2023-01-15,74.0
2023-01-16,77.0
2023-01-17,79.0
2023-01-18,77.0
2023-01-19,66.0
2023-01-20,58.0
2023-01-21,61.0
2023-01-22,60.0
2023-01-23,59.0
2023-01-24,54.0
2023-01-25,56.0
2023-01-26,55.0
2023-01-27,56.0
2023-01-28,59.0
2023-01-29,74.0
2023-01-30,40.0
2023-01-31,33.0
2023-02-01,32.0
2023-02-02,41.0
2023-02-03,50.0
2023-02-04,62.0
2023-02-05,73.0
2023-02-06,75.0
2023-02-07,71.0
2023-02-08,60.0
2023-02-09,72.0
2023-02-10,55.0
2023-02-11,59.0
2023-02-12,63.0
2023-02-13,70.0
2023-02-14,80.0
2023-02-15,79.0
2023-02-16,70.0
2023-02-17,52.0
2023-02-18,55.0
2023-02-19,74.0
2023-02-20,81.0
2023-02-21,81.0
2023-02-22,89.0
2023-02-23,78.0
2023-02-24,56.0
2023-02-25,64.0
2023-02-26,80.0
2023-02-27,81.0
2023-02-28,83.0
2023-03-01,83.0
2023-03-02,80.0
2023-03-03,72.0
2023-03-04,78.0
2023-03-05,78.0
2023-03-06,80.0
2023-03-07,79.0
2023-03-08,79.0
2023-03-09,83.0
2023-03-10,73.0
2023-03-11,87.0
2023-03-12,73.0
2023-03-13,67.0
2023-03-14,66.0
2023-03-15,74.0
2023-03-16,81.0
2023-03-17,57.0
2023-03-18,53.0
2023-03-19,58.0
2023-03-20,56.0
2023-03-21,69.0
2023-03-22,77.0
2023-03-23,80.0
2023-03-24,86.0
2023-03-25,79.0
2023-03-26,79.0
2023-03-27,77.0
2023-03-28,68.0
2023-03-29,72.0
2023-03-30,75.0
2023-03-31,86.0
2023-04-01,80.0
2023-04-02,83.0
2023-04-03,90.0
2023-04-04,84.0
2023-04-05,75.0
2023-04-06,57.0
2023-04-07,54.0
2023-04-08,62.0
2023-04-09,72.0
2023-04-10,70.0
2023-04-11,73.0
2023-04-12,76.0
2023-04-13,78.0
2023-04-14,78.0
2023-04-15,90.0
2023-04-16,72.0
2023-04-17,76.0
2023-04-18,78.0
2023-04-19,80.0
2023-04-20,87.0
2023-04-21,78.0
2023-04-22,78.0
2023-04-23,65.0
2023-04-24,69.0
2023-04-25,74.0
2023-04-26,84.0
2023-04-27,80.0
2023-04-28,83.0
2023-04-29,75.0
2023-04-30,86.0
2023-05-01,83.0
2023-05-02,79.0
2023-05-03,83.0
2023-05-04,82.0
2023-05-05,91.0
2023-05-06,88.0
2023-05-07,84.0
2023-05-08,90.0
2023-05-09,75.0
2023-05-10,80.0
2023-05-11,88.0
2023-05-12,86.0
2023-05-13,75.0
2023-05-14,82.0
2023-05-15,83.0
2023-05-16,83.0
2023-05-17,87.0
2023-05-18,88.0
2023-05-19,89.0
2023-05-20,81.0
2023-05-21,74.0
2023-05-22,84.0
2023-05-23,89.0
2023-05-24,82.0
2023-05-25,84.0
2023-05-26,85.0
2023-05-27,85.0
2023-05-28,84.0
2023-05-29,86.0
2023-05-30,88.0
2023-05-31,88.0
2023-06-01,90.0
2023-06-02,88.0
2023-06-03,91.0
2023-06-04,82.0
2023-06-05,86.0
2023-06-06,87.0
2023-06-07,89.0
2023-06-08,89.0
2023-06-09,95.0
2023-06-10,94.0
2023-06-11,95.0
2023-06-12,94.0
2023-06-13,93.0
2023-06-14,93.0
2023-06-15,98.0
2023-06-16,99.0
2023-06-17,94.0
2023-06-18,102.0
2023-06-19,100.0
2023-06-20,102.0
2023-06-21,101.0
2023-06-22,91.0
2023-06-23,95.0
2023-06-24,97.0
2023-06-25,97.0
2023-06-26,98.0
2023-06-27,99.0
2023-06-28,97.0
2023-06-29,96.0
2023-06-30,96.0
2023-07-01,97.0
2023-07-02,95.0
2023-07-03,94.0
2023-07-04,93.0
2023-07-05,94.0
2023-07-06,87.0
2023-07-07,91.0
2023-07-08,98.0
2023-07-09,99.0
2023-07-10,101.0
2023-07-11,101.0
2023-07-12,104.0
2023-07-13,104.0
2023-07-14,102.0
2023-07-15,103.0
2023-07-16,103.0
2023-07-17,102.0
2023-07-18,103.0
2023-07-19,102.0
2023-07-20,102.0
2023-07-21,100.4
2023-07-22,101.0
2023-07-23,101.0
2023-07-24,100.0
2023-07-25,100.0
2023-07-26,99.0
2023-07-27,97.0
2023-07-28,98.0
2023-07-29,99.0
2023-07-30,101.0
2023-07-31,103.0
2023-08-01,103.0
2023-08-02,104.0
2023-08-03,103.0
2023-08-04,104.0
2023-08-05,104.0
2023-08-06,104.0
2023-08-07,105.0
2023-08-08,105.0
2023-08-09,108.0
2023-08-10,106.0
2023-08-11,106.0
2023-08-12,105.0
2023-08-13,105.0
2023-08-14,106.0
2023-08-15,101.0
2023-08-16,103.0
2023-08-17,109.0
2023-08-18,106.0
2023-08-19,104.0
2023-08-20,106.0
2023-08-21,105.0
2023-08-22,98.0
2023-08-23,101.0
2023-08-24,106.0
2023-08-25,106.0
2023-08-26,105.0
2023-08-27,109.0
2023-08-28,100.0
2023-08-29,100.0
2023-08-30,101.0
2023-08-31,102.0
2023-09-01,100.0
2023-09-02,102.0
2023-09-03,101.0
2023-09-04,102.0
2023-09-05,104.0
2023-09-06,103.0
2023-09-07,105.0
2023-09-08,106.0
2023-09-09,103.0
2023-09-10,99.0
2023-09-11,97.0
2023-09-12,94.0
2023-09-13,91.0
2023-09-14,94.0
2023-09-15,90.0
2023-09-16,85.0
2023-09-17,93.0
2023-09-18,96.0
2023-09-19,97.0
2023-09-20,98.0
2023-09-21,97.0
2023-09-22,98.0
2023-09-23,100.0
2023-09-24,103.0
2023-09-25,98.0
2023-09-26,97.0
2023-09-27,93.0
2023-09-28,95.0
2023-09-29,96.0
2023-09-30,96.0
2023-10-01,94.0
2023-10-02,94.0
2023-10-03,95.0
2023-10-04,100.0
2023-10-05,81.0
2023-10-06,88.0
2023-10-07,77.0
2023-10-08,81.0
2023-10-09,84.0
2023-10-10,80.0
2023-10-11,72.0
2023-10-12,85.0
2023-10-13,92.0
2023-10-14,78.0
2023-10-15,75.0
2023-10-16,75.0
2023-10-17,78.0
2023-10-18,83.0
2023-10-19,88.0
2023-10-20,97.0
2023-10-21,94.0
2023-10-22,88.0
2023-10-23,82.0
2023-10-24,81.0
2023-10-25,85.0
2023-10-26,79.0
2023-10-27,87.0
2023-10-28,88.0
2023-10-29,76.0
2023-10-30,49.0
2023-10-31,60.0
2023-11-01,59.0
2023-11-02,66.0
2023-11-03,76.0
2023-11-04,79.0
2023-11-05,80.0
2023-11-06,81.0
2023-11-07,85.0
2023-11-08,82.0
2023-11-09,76.0
2023-11-10,58.0
2023-11-11,62.0
2023-11-12,62.0
2023-11-13,67.0
2023-11-14,72.0
2023-11-15,74.0
2023-11-16,63.0
2023-11-17,81.0
2023-11-18,69.0
2023-11-19,66.0
2023-11-20,84.0
2023-11-21,60.0
2023-11-22,66.0
2023-11-23,58.0
2023-11-24,65.0
2023-11-25,60.0
2023-11-26,56.0
2023-11-27,56.0
2023-11-28,61.0
2023-11-29,65.0
2023-11-30,74.0
2023-12-01,69.0
2023-12-02,69.0
2023-12-03,74.0
2023-12-04,68.0
2023-12-05,72.0
2023-12-06,69.0
2023-12-07,72.0
2023-12-08,74.0
2023-12-09,76.0
2023-12-10,59.0
2023-12-11,65.0
2023-12-12,68.0
2023-12-13,56.0
2023-12-14,69.0
2023-12-15,65.0
2023-12-16,65.0
2023-12-17,71.0
2023-12-18,68.0
2023-12-19,68.0
2023-12-20,72.0
2023-12-21,64.0
2023-12-22,71.0
2023-12-23,71.0
2023-12-24,74.0
2023-12-25,57.0
2023-12-26,59.0
2023-12-27,64.0
2023-12-28,61.0
2023-12-29,61.0
2023-12-30,69.0
2023-12-31,72.0
2024-01-01,58.0
2024-01-02,53.0
2024-01-03,51.0
2024-01-04,58.0
2024-01-05,66.0
2024-01-06,63.0
2024-01-07,65.0
2024-01-08,62.0
2024-01-09,56.0
2024-01-10,67.0
2024-01-11,74.0
2024-01-12,68.0
2024-01-13,62.0
2024-01-14,35.0
2024-01-15,25.0
2024-01-16,34.0
2024-01-17,46.0
2024-01-18,77.0
2024-01-19,49.0
2024-01-20,42.0
2024-01-21,40.0
2024-01-22,58.0
2024-01-23,60.0
2024-01-24,56.0
2024-01-25,60.0
2024-01-26,56.0
2024-01-27,63.0
2024-01-28,66.0
2024-01-29,71.0
2024-01-30,73.0
2024-01-31,73.0
2024-02-01,71.0
2024-02-02,67.0
2024-02-03,72.0
2024-02-04,67.0
2024-02-05,64.0
2024-02-06,69.0
2024-02-07,69.0
2024-02-08,72.0
2024-02-09,74.0
2024-02-10,66.0
2024-02-11,60.0
2024-02-12,60.0
2024-02-13,67.0
2024-02-14,68.0
2024-02-15,69.0
2024-02-16,73.0
2024-02-17,51.0
2024-02-18,53.0
2024-02-19,67.0
2024-02-20,78.0
2024-02-21,77.0
2024-02-22,86.0
2024-02-23,75.0
2024-02-24,78.0
2024-02-25,82.0
2024-02-26,81.0
2024-02-27,78.0
2024-02-28,68.0
2024-02-29,48.0
2024-03-01,67.0
2024-03-02,80.0
2024-03-03,80.0
2024-03-04,82.0
2024-03-05,90.0
2024-03-06,82.0
2024-03-07,74.0
2024-03-08,83.0
2024-03-09,62.0
2024-03-10,66.0
2024-03-11,73.0
2024-03-12,76.0
2024-03-13,83.0
2024-03-14,79.0
2024-03-15,74.0
2024-03-16,74.0
2024-03-17,67.0
2024-03-18,64.0
2024-03-19,64.0
2024-03-20,67.0
2024-03-21,64.0
2024-03-22,77.0
2024-03-23,72.0
2024-03-24,73.0
2024-03-25,79.0
2024-03-26,66.0
2024-03-27,66.0
2024-03-28,76.0
2024-03-29,77.0
2024-03-30,76.0
2024-03-31,79.0
2024-04-01,82.0
2024-04-02,75.0
2024-04-03,80.0
2024-04-04,86.0
2024-04-05,85.0
2024-04-06,77.0
2024-04-07,80.0
2024-04-08,80.0
2024-04-09,85.0
2024-04-10,70.0
2024-04-11,82.0
2024-04-12,80.0
2024-04-13,81.0
2024-04-14,83.0
2024-04-15,83.0
2024-04-16,79.0
2024-04-17,82.0
2024-04-18,88.0
2024-04-19,76.0
2024-04-20,71.0
2024-04-21,68.0
2024-04-22,73.0
2024-04-23,73.0
2024-04-24,84.0
2024-04-25,82.0
2024-04-26,85.0
2024-04-27,83.0
2024-04-28,81.0
2024-04-29,88.0
2024-04-30,86.0
2024-05-01,79.0
2024-05-02,80.0
2024-05-03,75.0
2024-05-04,80.0
2024-05-05,80.0
2024-05-06,85.0
2024-05-07,89.0
2024-05-08,89.0
2024-05-09,92.0
2024-05-10,84.0
2024-05-11,82.0
2024-05-12,75.0
2024-05-13,79.0
2024-05-14,92.0
2024-05-15,94.0
2024-05-16,83.0
2024-05-17,86.0
2024-05-18,95.0
2024-05-19,92.0
2024-05-20,93.0
2024-05-21,94.0
2024-05-22,93.0
2024-05-23,93.0
2024-05-24,98.0
2024-05-25,99.0
2024-05-26,96.0
2024-05-27,97.0
2024-05-28,87.0
2024-05-29,90.0
2024-05-30,92.0
2024-05-31,89.0
2024-06-01,91.0
2024-06-02,93.0
2024-06-03,93.0
2024-06-04,97.0
2024-06-05,90.0
2024-06-06,96.0
2024-06-07,96.0
2024-06-08,95.0
2024-06-09,95.0
2024-06-10,95.0
2024-06-11,95.0
2024-06-12,91.0
2024-06-13,96.0
2024-06-14,95.0
2024-06-15,95.0
2024-06-16,97.0
2024-06-17,96.0
2024-06-18,94.0
2024-06-19,80.0
2024-06-20,89.0
2024-06-21,92.0
2024-06-22,93.0
2024-06-23,93.0
2024-06-24,95.0
2024-06-25,95.0
2024-06-26,95.0
2024-06-27,98.0
2024-06-28,97.0
2024-06-29,98.0
2024-06-30,96.0
2024-07-01,97.0
2024-07-02,99.0
2024-07-03,96.0
2024-07-04,98.0
2024-07-05,99.0
2024-07-06,98.0
2024-07-07,92.0
2024-07-08,91.0
2024-07-09,94.0
2024-07-10,96.0
2024-07-11,95.0
2024-07-12,86.0
2024-07-13,88.0
2024-07-14,91.0
2024-07-15,95.0
2024-07-16,97.0
2024-07-17,95.0
2024-07-18,95.0
2024-07-19,92.0
2024-07-20,94.0
2024-07-21,96.0
2024-07-22,91.0
2024-07-23,81.0
2024-07-24,88.0
2024-07-25,87.0
2024-07-26,87.0
2024-07-27,85.0
2024-07-28,86.0
2024-07-29,94.0
2024-07-30,93.0
2024-07-31,94.0
2024-08-01,95.0
2024-08-02,96.0
2024-08-03,98.0
2024-08-04,95.0
2024-08-05,97.0
2024-08-06,98.0
2024-08-07,102.0
2024-08-08,99.0
2024-08-09,99.0
2024-08-10,97.0
2024-08-11,97.0
2024-08-12,97.0
2024-08-13,97.0
2024-08-14,98.0
2024-08-15,99.0
2024-08-16,99.0
2024-08-17,99.0
2024-08-18,100.0
2024-08-19,102.0
2024-08-20,104.0
2024-08-21,106.0
2024-08-22,105.0
2024-08-23,99.0
2024-08-24,97.0
2024-08-25,96.0
2024-08-26,91.0
2024-08-27,89.0
2024-08-28,94.0
2024-08-29,93.0
2024-08-30,92.0
2024-08-31,94.0
2024-09-01,94.0
2024-09-02,93.0
2024-09-03,90.0
2024-09-04,89.0
2024-09-05,88.0
2024-09-06,92.0
2024-09-07,91.0
2024-09-08,87.0
2024-09-09,90.0
2024-09-10,91.0
2024-09-11,91.0
2024-09-12,94.0
2024-09-13,97.0
2024-09-14,97.0
2024-09-15,98.0
2024-09-16,97.0
2024-09-17,95.0
2024-09-18,98.0
2024-09-19,98.0
2024-09-20,99.0
2024-09-21,96.0
2024-09-22,96.0
2024-09-23,94.0
2024-09-24,93.0
2024-09-25,97.0
2024-09-26,89.0
2024-09-27,94.0
2024-09-28,95.0
2024-09-29,94.0
2024-09-30,95.0
2024-10-01,96.0
2024-10-02,93.0
2024-10-03,94.0
2024-10-04,95.0
2024-10-05,93.0
2024-10-06,93.0
2024-10-07,93.0
2024-10-08,92.0
2024-10-09,92.0
2024-10-10,94.0
2024-10-11,92.0
2024-10-12,94.0
2024-10-13,98.0
2024-10-14,97.0
2024-10-15,97.0
2024-10-16,73.0
2024-10-17,76.0
2024-10-18,83.0
2024-10-19,85.0
2024-10-20,86.0
2024-10-21,86.0
2024-10-22,88.0
2024-10-23,90.0
2024-10-24,89.0
2024-10-25,90.0
2024-10-26,92.0
2024-10-27,91.0
2024-10-28,90.0
2024-10-29,88.0
2024-10-30,92.0
2024-10-31,86.0
2024-11-01,77.0
2024-11-02,82.0
2024-11-03,88.0
2024-11-04,87.0
2024-11-05,73.0
2024-11-06,81.0
2024-11-07,87.0
2024-11-08,89.0
2024-11-09,79.0
2024-11-10,87.0
2024-11-11,84.0
2024-11-12,82.0
2024-11-13,87.0
2024-11-14,76.0
2024-11-15,77.0
2024-11-16,82.0
2024-11-17,85.0
2024-11-18,79.0
2024-11-19,84.0
2024-11-20,68.0
2024-11-21,72.0
2024-11-22,77.0
2024-11-23,78.0
2024-11-24,83.0
2024-11-25,86.0
2024-11-26,65.0
2024-11-27,80.0
2024-11-28,61.0
2024-11-29,59.0
2024-11-30,65.0
2024-12-01,71.0
2024-12-02,69.0
2024-12-03,64.0
2024-12-04,59.0
2024-12-05,61.0
2024-12-06,52.0
2024-12-07,47.0
2024-12-08,60.0
2024-12-09,85.0
2024-12-10,61.0
2024-12-11,64.0
2024-12-12,66.0
2024-12-13,67.0
2024-12-14,78.0
2024-12-15,80.0
2024-12-16,80.0
2024-12-17,80.0
2024-12-18,69.0
2024-12-19,69.0
2024-12-20,68.0
2024-12-21,63.0
2024-12-22,70.0
2024-12-23,77.0
2024-12-24,77.0
2024-12-25,61.0
2024-12-26,78.0
2024-12-27,81.0
2024-12-28,82.0
2024-12-29,77.0
2024-12-30,86.0
2024-12-31,68.0
2025-01-01,60.0
2025-01-02,63.0
2025-01-03,67.0
2025-01-04,73.0
2025-01-05,75.0
2025-01-06,46.0
2025-01-07,48.0
2025-01-08,41.0
2025-01-09,41.0
2025-01-10,44.0
2025-01-11,59.0
2025-01-12,63.0
2025-01-13,57.0
2025-01-14,55.0
2025-01-15,63.0
2025-01-16,66.0
2025-01-17,61.0
2025-01-18,61.0
2025-01-19,43.0
2025-01-20,34.0
2025-01-21,38.0
2025-01-22,50.0
2025-01-23,55.0
2025-01-24,59.0
2025-01-25,58.0
2025-01-26,55.0
2025-01-27,53.0
2025-01-28,53.0
2025-01-29,70.0
2025-01-30,69.0
2025-01-31,73.0
2025-02-01,75.0
2025-02-02,80.0
2025-02-03,84.0
2025-02-04,82.0
2025-02-05,77.0
2025-02-06,82.0
2025-02-07,80.0
2025-02-08,87.0
2025-02-09,70.0
2025-02-10,51.0
2025-02-11,52.0
2025-02-12,54.0
2025-02-13,46.0
2025-02-14,47.0
2025-02-15,72.0
2025-02-16,55.0
2025-02-17,62.0
2025-02-18,61.0
2025-02-19,29.0
2025-02-20,36.0
2025-02-21,38.0
2025-02-22,41.0
2025-02-23,64.0
2025-02-24,75.0
2025-02-25,77.0
2025-02-26,82.0
2025-02-27,68.0
2025-02-28,77.0
2025-03-01,83.0
2025-03-02,79.0
2025-03-03,79.0
2025-03-04,76.0
2025-03-05,71.0
2025-03-06,74.0
2025-03-07,82.0
2025-03-08,81.0
2025-03-09,63.0
2025-03-10,78.0
2025-03-11,82.0
2025-03-12,88.0
2025-03-13,91.0
2025-03-14,97.0
2025-03-15,77.0
2025-03-16,80.0
2025-03-17,84.0
2025-03-18,85.0
2025-03-19,79.0
2025-03-20,70.0
2025-03-21,79.0
2025-03-22,84.0
2025-03-23,88.0
2025-03-24,83.0
2025-03-25,89.0
2025-03-26,81.0
2025-03-27,68.0
2025-03-28,71.0
2025-03-29,85.0
2025-03-30,77.0
2025-03-31,77.0
2025-04-01,83.0
2025-04-02,85.0
2025-04-03,89.0
2025-04-04,88.0
2025-04-05,64.0
2025-04-06,59.0
2025-04-07,72.0
2025-04-08,78.0
2025-04-09,85.0
2025-04-10,89.0
2025-04-11,88.0
2025-04-12,88.0
2025-04-13,91.0
2025-04-14,90.0
2025-04-15,82.0
2025-04-16,85.0
2025-04-17,88.0
2025-04-18,91.0
2025-04-19,84.0
2025-04-20,87.0
2025-04-21,88.0
2025-04-22,88.0
2025-04-23,84.0
2025-04-24,87.0
2025-04-25,86.0
2025-04-26,85.0
2025-04-27,84.0
2025-04-28,86.0
2025-04-29,87.0
2025-04-30,87.0
2025-05-01,91.0
2025-05-02,87.0
2025-05-03,80.0
2025-05-04,83.0
2025-05-05,74.0
2025-05-06,89.0
2025-05-07,81.0
2025-05-08,84.0
2025-05-09,81.0
2025-05-10,81.0
2025-05-11,83.0
2025-05-12,91.0
2025-05-13,100.0
2025-05-14,99.0
2025-05-15,97.0
2025-05-16,96.0
2025-05-17,96.0
2025-05-18,91.0
2025-05-19,87.0
2025-05-20,95.0
2025-05-21,94.0
2025-05-22,98.0
2025-05-23,95.0
2025-05-24,97.0
2025-05-25,96.0
2025-05-26,89.0
2025-05-27,91.0
2025-05-28,87.0
2025-05-29,90.0
2025-05-30,84.0
2025-05-31,87.0
2025-06-01,95.0
2025-06-02,93.0
2025-06-03,93.0
2025-06-04,91.0
2025-06-05,93.0
2025-06-06,95.0
2025-06-07,95.0
2025-06-08,96.0
2025-06-09,98.0
2025-06-10,92.0
2025-06-11,89.0
2025-06-12,80.0
2025-06-13,95.0
2025-06-14,93.0
2025-06-15,96.0
2025-06-16,92.0
2025-06-17,93.0
2025-06-18,93.0
2025-06-19,95.0
2025-06-20,95.0
2025-06-21,94.0
2025-06-22,95.0
2025-06-23,96.0
2025-06-24,94.0
2025-06-25,93.0
2025-06-26,93.0
2025-06-27,95.0
2025-06-28,94.0
2025-06-29,96.0
2025-06-30,94.0
2025-07-01,92.0
2025-07-02,93.0
2025-07-03,84.0
2025-07-04,84.0
2025-07-05,78.0
2025-07-06,90.0
2025-07-07,91.0
2025-07-08,93.0
2025-07-09,88.0
2025-07-10,92.0
2025-07-11,91.0
2025-07-12,93.0
2025-07-13,86.0
2025-07-14,93.0
2025-07-15,93.0
2025-07-16,94.0
2025-07-17,95.0
2025-07-18,94.0
2025-07-19,93.0
2025-07-20,91.0
2025-07-21,93.0
2025-07-22,96.0
2025-07-23,98.0
2025-07-24,99.0
2025-07-25,88.0
2025-07-26,94.0
2025-07-27,96.0
2025-07-28,96.0
2025-07-29,99.0
2025-07-30,100.0
2025-07-31,101.0
2025-08-01,101.0
2025-08-02,98.0
2025-08-03,98.0
2025-08-04,91.0
2025-08-05,95.0
2025-08-06,99.0
2025-08-07,99.0
2025-08-08,100.0
2025-08-09,99.0
2025-08-10,98.0
2025-08-11,98.0
2025-08-12,96.0
2025-08-13,95.0
2025-08-14,99.0
2025-08-15,95.0
2025-08-16,99.0
2025-08-17,99.0
2025-08-18,101.0
2025-08-19,93.0
2025-08-20,97.0
2025-08-21,93.0
2025-08-22,94.0
2025-08-23,94.0
2025-08-24,98.0
2025-08-25,97.0
2025-08-26,98.0
2025-08-27,95.0
2025-08-28,99.0
2025-08-29,98.0
2025-08-30,99.0
2025-08-31,88.0
2025-09-01,94.0
2025-09-02,97.0
2025-09-03,98.0
2025-09-04,102.0
2025-09-05,99.0
2025-09-06,89.0
2025-09-07,76.0
2025-09-08,90.0
2025-09-09,92.0
2025-09-10,96.0
2025-09-11,96.0
2025-09-12,95.0
2025-09-13,95.0
2025-09-14,95.0
2025-09-15,96.0
2025-09-16,95.0
2025-09-17,95.0
2025-09-18,94.0
2025-09-19,95.0
2025-09-20,94.0
2025-09-21,98.0
2025-09-22,98.0
2025-09-23,100.0
2025-09-24,92.0
2025-09-25,91.0
2025-09-26,91.0
2025-09-27,92.0
2025-09-28,91.0
2025-09-29,88.0
2025-09-30,94.0
2025-10-01,95.0
2025-10-02,95.0
2025-10-03,94.0
2025-10-04,91.0
2025-10-05,92.0
2025-10-06,93.0
2025-10-07,92.0
2025-10-08,95.0
2025-10-09,92.0
2025-10-10,91.0
2025-10-11,92.0
2025-10-12,92.0
2025-10-13,90.0
2025-10-14,90.0
2025-10-15,92.0
2025-10-16,87.0
2025-10-17,91.0
2025-10-18,94.0
2025-10-19,85.0
2025-10-20,94.0
2025-10-21,89.0
2025-10-22,87.0
2025-10-23,91.0
2025-10-24,90.0
2025-10-25,77.0
2025-10-26,82.0
2025-10-27,89.0
2025-10-28,88.0
2025-10-29,68.0
2025-10-30,72.0
2025-10-31,75.0
2025-11-01,71.0
2025-11-02,74.0
2025-11-03,78.0
2025-11-04,80.0
2025-11-05,83.0
2025-11-06,84.0
2025-11-07,90.0
2025-11-08,85.0
2025-11-09,71.0
2025-11-10,60.0
2025-11-11,74.0
2025-11-12,82.0
2025-11-13,85.0
2025-11-14,85.0
2025-11-15,84.0
2025-11-16,86.0
2025-11-17,88.0
2025-11-18,85.0
2025-11-19,86.0
2025-11-20,83.0
2025-11-21,77.0
2025-11-22,76.0
2025-11-23,70.0
2025-11-24,77.0
2025-11-25,81.0
2025-11-26,66.0
2025-11-27,64.0
2025-11-28,68.0
2025-11-29,81.0
2025-11-30,57.0
2025-12-01,44.0
2025-12-02,54.0
2025-12-03,56.0
2025-12-04,54.0
2025-12-05,52.0
2025-12-06,77.0
2025-12-07,73.0
2025-12-08,60.0
2025-12-09,69.0
2025-12-10,72.0
2025-12-11,70.0
2025-12-12,76.0
2025-12-13,77.0
2025-12-14,65.0
2025-12-15,55.0
2025-12-16,63.0
2025-12-17,66.0
2025-12-18,76.0
2025-12-19,69.0
2025-12-20,74.0
2025-12-21,71.0
2025-12-22,77.0
2025-12-23,79.0
2025-12-24,80.0
2025-12-25,77.0
2025-12-26,84.0
2025-12-27,81.0
2025-12-28,78.0
2025-12-29,53.0
2025-12-30,58.0
2025-12-31,71.0
2026-01-01,73.0
2026-01-02,89.0
2026-01-03,76.0
2026-01-04,71.0
2026-01-05,76.0
2026-01-06,83.0
2026-01-07,80.0
2026-01-08,79.0
2026-01-09,72.0
2026-01-10,60.0
2026-01-11,63.0
2026-01-12,63.0
2026-01-13,60.0
2026-01-14,69.0
2026-01-15,66.0
2026-01-16,76.0
2026-01-17,55.0
2026-01-18,64.0
2026-01-19,68.0
2026-01-20,60.0
2026-01-21,75.0
2026-01-22,69.0
2026-01-23,67.0
2026-01-24,44.0
2026-01-25,29.0
2026-01-26,37.0
2026-01-27,50.0
2026-01-28,57.0
2026-01-29,72.0
2026-01-30,55.0
2026-01-31,44.0
2026-02-01,57.0
2026-02-02,68.0
2026-02-03,72.0
2026-02-04,64.0
2026-02-05,69.0
2026-02-06,82.0
2026-02-07,84.0
2026-02-08,80.0
2026-02-09,85.0
2026-02-10,69.0
2026-02-11,75.0
2026-02-12,81.0
2026-02-13,81.0
2026-02-14,74.0
2026-02-15,74.0
2026-02-16,77.0
2026-02-17,84.0
2026-02-18,77.0
2026-02-19,85.0
2026-02-20,67.0
2026-02-21,72.0
2026-02-22,62.0
2026-02-23,66.0
2026-02-24,75.0
2026-02-25,87.0
2026-02-26,85.0
2026-02-27,87.0
2026-02-28,87.0
2026-03-01,85.0
2026-03-02,85.0
2026-03-03,88.0
2026-03-04,87.0
2026-03-05,87.0
2026-03-06,84.0
2026-03-07,77.0
2026-03-08,67.0
2026-03-09,78.0
2026-03-10,84.0
2026-03-11,81.0
2026-03-12,66.0
2026-03-13,81.0
2026-03-14,85.0
2026-03-15,97.0
2026-03-16,54.0
2026-03-17,67.0
2026-03-18,77.0
2026-03-19,85.0
2026-03-20,90.0
2026-03-21,93.0
2026-03-22,92.0
